cluster	proteomes_count	UP000827084	UP000241824	UP001805215	UP000426033	UP001064402	UP001251091	UP000663399
UPI001C72F2CC	7	1	1	1	1	1	1	1
UPI001C26555D	7	1	1	1	1	1	1	1
UPI0019826BAF	7	1	1	1	1	1	1	1
UPI0019824CDF	7	1	1	1	1	1	1	1
UPI0019823A45	7	1	1	1	1	1	1	1
UPI0019820143	7	1	1	1	1	1	1	1
UPI001981E0CD	7	1	1	1	1	1	1	1
UPI001981DEE2	7	1	1	1	1	1	1	1
UPI001981D512	7	1	1	1	1	1	1	1
UPI001981527A	7	1	1	1	1	1	1	1
UPI0019813517	7	1	1	1	1	1	1	1
UPI001981023E	7	1	1	1	1	1	1	1
UPI001980C08D	7	1	1	1	1	1	1	1
UPI001980AD80	7	1	1	1	1	1	1	1
UPI0019809ADC	7	1	1	1	1	1	1	1
UPI001980598E	7	1	1	1	1	1	1	1
UPI0019803CCB	7	1	1	1	1	1	1	1
UPI00198032E8	7	1	1	1	1	1	1	1
UPI00197FD4E3	7	1	1	1	1	1	1	1
UPI00197FCB1B	7	1	1	1	1	1	1	1
UPI00197FB9C0	7	1	1	1	1	1	1	1
UPI00197F78E7	7	1	1	1	1	1	1	1
UPI00197F2FCA	7	1	1	1	1	1	1	1
UPI00197E92E0	7	1	1	1	1	1	1	1
UPI00197E5237	7	1	1	1	1	1	1	1
UPI00197E3FBD	7	1	1	1	1	1	1	1
UPI00197E36B0	7	1	1	1	1	1	1	1
UPI00197DD8A4	7	1	1	1	1	1	1	1
UPI00197DC365	7	1	1	1	1	1	1	1
UPI00197D9672	7	1	1	1	1	1	1	1
UPI00197D0F49	7	1	1	1	1	1	1	1
UPI00197D0A2F	7	1	1	1	1	1	1	1
UPI00197CCACC	7	1	1	1	1	1	1	1
UPI0018E90857	7	1	1	1	1	1	1	1
UPI0018E8E7D6	7	1	1	1	1	1	1	1
UPI0018E8C241	7	1	1	1	1	1	1	1
UPI0018E8BF37	7	1	1	1	1	1	1	1
UPI0018E8BBBE	7	1	1	1	1	1	1	1
UPI0018E8B38C	7	1	1	1	1	1	1	1
UPI0018E83B63	7	1	1	1	1	1	1	1
UPI0018E832DF	7	1	1	1	1	1	1	1
UPI0018E8325C	7	1	1	1	1	1	1	1
UPI0018E82BDA	7	1	1	1	1	1	1	1
UPI0018E7ED5B	7	1	1	1	1	1	1	1
UPI0018E7DABE	7	1	1	1	1	1	1	1
UPI0018E79329	7	1	1	1	1	1	1	1
UPI0018E78E62	7	1	1	1	1	1	1	1
UPI0018E733AC	7	1	1	1	1	1	1	1
UPI0018E732B5	7	1	1	1	1	1	1	1
UPI0018E72C88	7	1	1	1	1	1	1	1
UPI0018E7049B	7	1	1	1	1	1	1	1
UPI0018E703D3	7	1	1	1	1	1	1	1
UPI0018E6E34E	7	1	1	1	1	1	1	1
UPI0018E6E125	7	1	1	1	1	1	1	1
UPI0018E6DDBF	7	1	1	1	1	1	1	1
UPI0018C87A2D	7	1	1	1	1	1	1	1
UPI0018A2CF2D	7	1	1	1	1	1	1	1
UPI00166C3440	7	1	1	1	1	1	1	1
UPI00166AD6D9	7	1	1	1	1	1	1	1
UPI0016698F03	7	1	1	1	1	1	1	1
UPI00157CD3D0	7	1	1	1	1	1	1	1
UPI00157B6272	7	1	1	1	1	1	1	1
UPI00157B52EE	7	1	1	1	1	1	1	1
UPI00157B4A59	7	1	1	1	1	1	1	1
UPI00157B1780	7	1	1	1	1	1	1	1
UPI00157AA06D	7	1	1	1	1	1	1	1
UPI0013E2E21B	7	1	1	1	1	1	1	1
UPI00135533E1	7	1	1	1	1	1	1	1
UPI001354E844	7	1	1	1	1	1	1	1
UPI000FE27D3D	7	1	1	1	1	1	1	1
UPI000FE27C0E	7	1	1	1	1	1	1	1
UPI000FE27A1C	7	1	1	1	1	1	1	1
UPI000FE273FE	7	1	1	1	1	1	1	1
UPI000FE26670	7	1	1	1	1	1	1	1
UPI000FE25176	7	1	1	1	1	1	1	1
UPI000FE246B4	7	1	1	1	1	1	1	1
UPI000FE24445	7	1	1	1	1	1	1	1
UPI000FE21560	7	1	1	1	1	1	1	1
UPI000FE202CE	7	1	1	1	1	1	1	1
UPI000FE20190	7	1	1	1	1	1	1	1
UPI000FE1E63B	7	1	1	1	1	1	1	1
UPI000FE1E353	7	1	1	1	1	1	1	1
UPI000FE1DD2B	7	1	1	1	1	1	1	1
UPI000FE1CF4C	7	1	1	1	1	1	1	1
UPI000FE1A4BC	7	1	1	1	1	1	1	1
UPI000FE1A384	7	1	1	1	1	1	1	1
UPI000FE19BC1	7	1	1	1	1	1	1	1
UPI000FE19AFB	7	1	1	1	1	1	1	1
UPI000D22C98A	7	1	1	1	1	1	1	1
UPI000D22C3D2	7	1	1	1	1	1	1	1
UPI000D22C289	7	1	1	1	1	1	1	1
UPI000D22B490	7	1	1	1	1	1	1	1
UPI000D22B411	7	1	1	1	1	1	1	1
UPI000D22B2FA	7	1	1	1	1	1	1	1
UPI000D22AB74	7	1	1	1	1	1	1	1
UPI000D229F84	7	1	1	1	1	1	1	1
UPI000D229491	7	1	1	1	1	1	1	1
UPI000D229426	7	1	1	1	1	1	1	1
UPI000D22941A	7	1	1	1	1	1	1	1
UPI000D229177	7	1	1	1	1	1	1	1
UPI000D2276CF	7	1	1	1	1	1	1	1
UPI000D227360	7	1	1	1	1	1	1	1
UPI000D227018	7	1	1	1	1	1	1	1
UPI000D226E02	7	1	1	1	1	1	1	1
UPI000D2267CE	7	1	1	1	1	1	1	1
UPI000D2261E3	7	1	1	1	1	1	1	1
UPI000D2261E0	7	1	1	1	1	1	1	1
UPI000D225EA7	7	1	1	1	1	1	1	1
UPI000D225A50	7	1	1	1	1	1	1	1
UPI000D2256C8	7	1	1	1	1	1	1	1
UPI000D22510A	7	1	1	1	1	1	1	1
UPI000D2250C4	7	1	1	1	1	1	1	1
UPI000D224C28	7	1	1	1	1	1	1	1
UPI000D223BAF	7	1	1	1	1	1	1	1
UPI000D22366D	7	1	1	1	1	1	1	1
UPI000D222F26	7	1	1	1	1	1	1	1
UPI000D222D92	7	1	1	1	1	1	1	1
UPI000D222457	7	1	1	1	1	1	1	1
UPI000D221043	7	1	1	1	1	1	1	1
UPI000D220F09	7	1	1	1	1	1	1	1
UPI000D220E07	7	1	1	1	1	1	1	1
UPI000D220CB7	7	1	1	1	1	1	1	1
UPI000D220847	7	1	1	1	1	1	1	1
UPI000D220826	7	1	1	1	1	1	1	1
UPI000D22000B	7	1	1	1	1	1	1	1
UPI000D21FFFE	7	1	1	1	1	1	1	1
UPI000D21FCE7	7	1	1	1	1	1	1	1
UPI000D21F7EC	7	1	1	1	1	1	1	1
UPI000D21F7B9	7	1	1	1	1	1	1	1
UPI000D21F733	7	1	1	1	1	1	1	1
UPI000D21EC9F	7	1	1	1	1	1	1	1
UPI000D21E131	7	1	1	1	1	1	1	1
UPI000D21DE35	7	1	1	1	1	1	1	1
UPI000D21DB8A	7	1	1	1	1	1	1	1
UPI000D21D128	7	1	1	1	1	1	1	1
UPI000D21BFCA	7	1	1	1	1	1	1	1
UPI000D21B72D	7	1	1	1	1	1	1	1
UPI000D21B69D	7	1	1	1	1	1	1	1
UPI000D21B500	7	1	1	1	1	1	1	1
UPI000D21B3FF	7	1	1	1	1	1	1	1
UPI000D21B01C	7	1	1	1	1	1	1	1
UPI000D21AEB6	7	1	1	1	1	1	1	1
UPI000D21ADDC	7	1	1	1	1	1	1	1
UPI000D21AD7E	7	1	1	1	1	1	1	1
UPI000D21A0F4	7	1	1	1	1	1	1	1
UPI000D219724	7	1	1	1	1	1	1	1
UPI000D21961A	7	1	1	1	1	1	1	1
UPI000D219564	7	1	1	1	1	1	1	1
UPI000D218F16	7	1	1	1	1	1	1	1
UPI000D218BFA	7	1	1	1	1	1	1	1
UPI000D218B43	7	1	1	1	1	1	1	1
UPI000D218AE0	7	1	1	1	1	1	1	1
UPI000D217E65	7	1	1	1	1	1	1	1
UPI000D217DFD	7	1	1	1	1	1	1	1
UPI000D21762F	7	1	1	1	1	1	1	1
UPI000D216F19	7	1	1	1	1	1	1	1
UPI000D216DF1	7	1	1	1	1	1	1	1
UPI000D216681	7	1	1	1	1	1	1	1
UPI000D2160A3	7	1	1	1	1	1	1	1
UPI000D215C6B	7	1	1	1	1	1	1	1
UPI000D215A20	7	1	1	1	1	1	1	1
UPI000D215A0B	7	1	1	1	1	1	1	1
UPI000D214F16	7	1	1	1	1	1	1	1
UPI000D21485B	7	1	1	1	1	1	1	1
UPI000D21464E	7	1	1	1	1	1	1	1
UPI000D213FD2	7	1	1	1	1	1	1	1
UPI000D213E85	7	1	1	1	1	1	1	1
UPI000D2138F6	7	1	1	1	1	1	1	1
UPI000D212972	7	1	1	1	1	1	1	1
UPI000D211F52	7	1	1	1	1	1	1	1
UPI000D211E3C	7	1	1	1	1	1	1	1
UPI000D211A08	7	1	1	1	1	1	1	1
UPI000D210D03	7	1	1	1	1	1	1	1
UPI000D210A50	7	1	1	1	1	1	1	1
UPI000D210806	7	1	1	1	1	1	1	1
UPI000D20FF96	7	1	1	1	1	1	1	1
UPI000D20F64C	7	1	1	1	1	1	1	1
UPI000D20EBEB	7	1	1	1	1	1	1	1
UPI000D20EB29	7	1	1	1	1	1	1	1
UPI000D20E8CE	7	1	1	1	1	1	1	1
UPI000D20DE59	7	1	1	1	1	1	1	1
UPI000D20DC01	7	1	1	1	1	1	1	1
UPI000D20D0D4	7	1	1	1	1	1	1	1
UPI000D20CBE5	7	1	1	1	1	1	1	1
UPI000D20C956	7	1	1	1	1	1	1	1
UPI000D20BF3E	7	1	1	1	1	1	1	1
UPI000D20BE65	7	1	1	1	1	1	1	1
UPI000D20AE36	7	1	1	1	1	1	1	1
UPI000D20AC88	7	1	1	1	1	1	1	1
UPI000D20AA78	7	1	1	1	1	1	1	1
UPI000D20A89D	7	1	1	1	1	1	1	1
UPI000D209E97	7	1	1	1	1	1	1	1
UPI000D20872A	7	1	1	1	1	1	1	1
UPI000D208353	7	1	1	1	1	1	1	1
UPI000D207704	7	1	1	1	1	1	1	1
UPI000D207377	7	1	1	1	1	1	1	1
UPI000D206F95	7	1	1	1	1	1	1	1
UPI000D206DB9	7	1	1	1	1	1	1	1
UPI000D2068F5	7	1	1	1	1	1	1	1
UPI000D206855	7	1	1	1	1	1	1	1
UPI000D2067ED	7	1	1	1	1	1	1	1
UPI000D206274	7	1	1	1	1	1	1	1
UPI000D206184	7	1	1	1	1	1	1	1
UPI000D205EAA	7	1	1	1	1	1	1	1
UPI000D205CEE	7	1	1	1	1	1	1	1
UPI000D20522B	7	1	1	1	1	1	1	1
UPI000D205068	7	1	1	1	1	1	1	1
UPI000D203B9D	7	1	1	1	1	1	1	1
UPI000D203940	7	1	1	1	1	1	1	1
UPI000D2036F5	7	1	1	1	1	1	1	1
UPI000D2036E5	7	1	1	1	1	1	1	1
UPI000D203000	7	1	1	1	1	1	1	1
UPI000D202E6D	7	1	1	1	1	1	1	1
UPI000D2025FB	7	1	1	1	1	1	1	1
UPI000D201F25	7	1	1	1	1	1	1	1
UPI000D201E94	7	1	1	1	1	1	1	1
UPI000D201B4E	7	1	1	1	1	1	1	1
UPI000D201AD9	7	1	1	1	1	1	1	1
UPI000D201219	7	1	1	1	1	1	1	1
UPI000D200DAF	7	1	1	1	1	1	1	1
UPI000D200B79	7	1	1	1	1	1	1	1
UPI000D200B41	7	1	1	1	1	1	1	1
UPI000D20098D	7	1	1	1	1	1	1	1
UPI000D200643	7	1	1	1	1	1	1	1
UPI000D200397	7	1	1	1	1	1	1	1
UPI000D1FFCAA	7	1	1	1	1	1	1	1
UPI000D1FFC6D	7	1	1	1	1	1	1	1
UPI000D1FFADC	7	1	1	1	1	1	1	1
UPI000D1FF748	7	1	1	1	1	1	1	1
UPI000D1FF521	7	1	1	1	1	1	1	1
UPI000D1FE7AE	7	1	1	1	1	1	1	1
UPI000B0E5666	7	1	1	1	1	1	1	1
UPI000AC0D2A2	7	1	1	1	1	1	1	1
UPI000A9AC1C8	7	1	1	1	1	1	1	1
UPI000A658272	7	1	1	1	1	1	1	1
UPI000A4EB61A	7	1	1	1	1	1	1	1
UPI000A40D086	7	1	1	1	1	1	1	1
UPI0009EE85EC	7	1	1	1	1	1	1	1
UPI0009EE79EA	7	1	1	1	1	1	1	1
UPI0009EE5B6C	7	1	1	1	1	1	1	1
UPI0009EE494B	7	1	1	1	1	1	1	1
UPI0009EDA1A2	7	1	1	1	1	1	1	1
UPI0009ED7299	7	1	1	1	1	1	1	1
UPI0009ED63BB	7	1	1	1	1	1	1	1
UPI0009ECF732	7	1	1	1	1	1	1	1
UPI0009D78327	7	1	1	1	1	1	1	1
UPI00077CDB05	7	1	1	1	1	1	1	1
UPI00077CDAC9	7	1	1	1	1	1	1	1
UPI00077CDA6E	7	1	1	1	1	1	1	1
UPI00077CD996	7	1	1	1	1	1	1	1
UPI00077CD98A	7	1	1	1	1	1	1	1
UPI00077CD79A	7	1	1	1	1	1	1	1
UPI00077CD6B0	7	1	1	1	1	1	1	1
UPI00077CD5FD	7	1	1	1	1	1	1	1
UPI00077CD233	7	1	1	1	1	1	1	1
UPI00077CD162	7	1	1	1	1	1	1	1
UPI00077CD0A5	7	1	1	1	1	1	1	1
UPI00077CCFA4	7	1	1	1	1	1	1	1
UPI00077CCF98	7	1	1	1	1	1	1	1
UPI00077CCEB9	7	1	1	1	1	1	1	1
UPI00077CCE56	7	1	1	1	1	1	1	1
UPI00077CCDC1	7	1	1	1	1	1	1	1
UPI00077CCDA9	7	1	1	1	1	1	1	1
UPI00077CCD7F	7	1	1	1	1	1	1	1
UPI00077CCD0C	7	1	1	1	1	1	1	1
UPI00077CCC6C	7	1	1	1	1	1	1	1
UPI00077CCC2C	7	1	1	1	1	1	1	1
UPI00077CCC10	7	1	1	1	1	1	1	1
UPI00077CCBDC	7	1	1	1	1	1	1	1
UPI00077CCB05	7	1	1	1	1	1	1	1
UPI00077CC9E6	7	1	1	1	1	1	1	1
UPI00077CC94D	7	1	1	1	1	1	1	1
UPI00077CC91D	7	1	1	1	1	1	1	1
UPI00077CC8C6	7	1	1	1	1	1	1	1
UPI00077CC7CE	7	1	1	1	1	1	1	1
UPI00077CC731	7	1	1	1	1	1	1	1
UPI00077CC679	7	1	1	1	1	1	1	1
UPI00077CC558	7	1	1	1	1	1	1	1
UPI00077CC2BE	7	1	1	1	1	1	1	1
UPI00077CC29F	7	1	1	1	1	1	1	1
UPI00077CC27A	7	1	1	1	1	1	1	1
UPI00077CC25B	7	1	1	1	1	1	1	1
UPI00077CC20B	7	1	1	1	1	1	1	1
UPI00077CC17E	7	1	1	1	1	1	1	1
UPI00077CC14B	7	1	1	1	1	1	1	1
UPI00077CC100	7	1	1	1	1	1	1	1
UPI00077CC0EC	7	1	1	1	1	1	1	1
UPI00077CBFCB	7	1	1	1	1	1	1	1
UPI00077CBF22	7	1	1	1	1	1	1	1
UPI00077CBEBE	7	1	1	1	1	1	1	1
UPI00077CBEBC	7	1	1	1	1	1	1	1
UPI00077CBCE4	7	1	1	1	1	1	1	1
UPI00077CBCD6	7	1	1	1	1	1	1	1
UPI00077CBC7C	7	1	1	1	1	1	1	1
UPI00077CBB6B	7	1	1	1	1	1	1	1
UPI00077CBB65	7	1	1	1	1	1	1	1
UPI00077CBB5B	7	1	1	1	1	1	1	1
UPI00077CBA54	7	1	1	1	1	1	1	1
UPI00077CBA17	7	1	1	1	1	1	1	1
UPI00077CB9A5	7	1	1	1	1	1	1	1
UPI00077CB96D	7	1	1	1	1	1	1	1
UPI00077CB837	7	1	1	1	1	1	1	1
UPI00077CB7B2	7	1	1	1	1	1	1	1
UPI00077CB730	7	1	1	1	1	1	1	1
UPI00077CB68C	7	1	1	1	1	1	1	1
UPI00077CB61C	7	1	1	1	1	1	1	1
UPI00077CB5D6	7	1	1	1	1	1	1	1
UPI00077CB596	7	1	1	1	1	1	1	1
UPI00077CB45C	7	1	1	1	1	1	1	1
UPI00077CB1A8	7	1	1	1	1	1	1	1
UPI00077CB1A5	7	1	1	1	1	1	1	1
UPI00077CB07A	7	1	1	1	1	1	1	1
UPI00077CB03D	7	1	1	1	1	1	1	1
UPI00077CB020	7	1	1	1	1	1	1	1
UPI00077CAFE5	7	1	1	1	1	1	1	1
UPI00077CAFC4	7	1	1	1	1	1	1	1
UPI00077CAFBD	7	1	1	1	1	1	1	1
UPI00077CAFB7	7	1	1	1	1	1	1	1
UPI00077CAE24	7	1	1	1	1	1	1	1
UPI00077CAC14	7	1	1	1	1	1	1	1
UPI00077CAB88	7	1	1	1	1	1	1	1
UPI00077CAAD1	7	1	1	1	1	1	1	1
UPI00077CA906	7	1	1	1	1	1	1	1
UPI00077CA875	7	1	1	1	1	1	1	1
UPI00077CA813	7	1	1	1	1	1	1	1
UPI00077CA7E3	7	1	1	1	1	1	1	1
UPI00077CA6D1	7	1	1	1	1	1	1	1
UPI00077CA63A	7	1	1	1	1	1	1	1
UPI00077CA5C2	7	1	1	1	1	1	1	1
UPI00077CA55A	7	1	1	1	1	1	1	1
UPI00077CA54F	7	1	1	1	1	1	1	1
UPI00077CA54A	7	1	1	1	1	1	1	1
UPI00077CA53E	7	1	1	1	1	1	1	1
UPI00077CA495	7	1	1	1	1	1	1	1
UPI00077CA469	7	1	1	1	1	1	1	1
UPI00077CA2C4	7	1	1	1	1	1	1	1
UPI00077CA0E8	7	1	1	1	1	1	1	1
UPI00077C9E36	7	1	1	1	1	1	1	1
UPI00077C9DAE	7	1	1	1	1	1	1	1
UPI00077C9D3A	7	1	1	1	1	1	1	1
UPI00077C9D15	7	1	1	1	1	1	1	1
UPI00077C9CB0	7	1	1	1	1	1	1	1
UPI00077C9C13	7	1	1	1	1	1	1	1
UPI00077C9BBB	7	1	1	1	1	1	1	1
UPI00077C9A86	7	1	1	1	1	1	1	1
UPI00077C9958	7	1	1	1	1	1	1	1
UPI00077C9946	7	1	1	1	1	1	1	1
UPI00077C98FE	7	1	1	1	1	1	1	1
UPI00077C97A8	7	1	1	1	1	1	1	1
UPI00077C9788	7	1	1	1	1	1	1	1
UPI00077C96E7	7	1	1	1	1	1	1	1
UPI00077C9613	7	1	1	1	1	1	1	1
UPI00077C95C9	7	1	1	1	1	1	1	1
UPI00077C957F	7	1	1	1	1	1	1	1
UPI00077C948A	7	1	1	1	1	1	1	1
UPI00077C9482	7	1	1	1	1	1	1	1
UPI00077C943D	7	1	1	1	1	1	1	1
UPI00077C93DC	7	1	1	1	1	1	1	1
UPI00077C9336	7	1	1	1	1	1	1	1
UPI00077C9333	7	1	1	1	1	1	1	1
UPI00077C92D6	7	1	1	1	1	1	1	1
UPI00077C90B1	7	1	1	1	1	1	1	1
UPI00077C9082	7	1	1	1	1	1	1	1
UPI00077C903B	7	1	1	1	1	1	1	1
UPI00077C8FDB	7	1	1	1	1	1	1	1
UPI00077C8C28	7	1	1	1	1	1	1	1
UPI00077C8BD8	7	1	1	1	1	1	1	1
UPI00077C8BD4	7	1	1	1	1	1	1	1
UPI00077C8B61	7	1	1	1	1	1	1	1
UPI00077C8A9E	7	1	1	1	1	1	1	1
UPI00077C8A20	7	1	1	1	1	1	1	1
UPI00077C89C3	7	1	1	1	1	1	1	1
UPI00077C8941	7	1	1	1	1	1	1	1
UPI00077C888F	7	1	1	1	1	1	1	1
UPI00077C8817	7	1	1	1	1	1	1	1
UPI00077C87C7	7	1	1	1	1	1	1	1
UPI00077C85CE	7	1	1	1	1	1	1	1
UPI00077C85C9	7	1	1	1	1	1	1	1
UPI00077C8577	7	1	1	1	1	1	1	1
UPI00077C8575	7	1	1	1	1	1	1	1
UPI00077C81DE	7	1	1	1	1	1	1	1
UPI00077C8038	7	1	1	1	1	1	1	1
UPI00077C8033	7	1	1	1	1	1	1	1
UPI00077C7F11	7	1	1	1	1	1	1	1
UPI00077C7D9C	7	1	1	1	1	1	1	1
UPI00077C7CF9	7	1	1	1	1	1	1	1
UPI00077C7CA6	7	1	1	1	1	1	1	1
UPI00077C7B2F	7	1	1	1	1	1	1	1
UPI00077C7B11	7	1	1	1	1	1	1	1
UPI00077C7AB3	7	1	1	1	2	1	1	1
UPI00077C7A41	7	1	1	1	1	1	1	1
UPI00077C794B	7	1	1	1	1	1	1	1
UPI00077C778F	7	1	1	1	1	1	1	1
UPI00077C76F2	7	1	1	1	1	1	1	1
UPI00077C757A	7	1	1	1	1	1	1	1
UPI00077C7528	7	1	1	1	1	1	1	1
UPI00077C748D	7	1	1	1	1	1	1	1
UPI00077C7460	7	1	1	1	1	1	1	1
UPI00077C7412	7	1	1	1	1	1	1	1
UPI00077C7156	7	1	1	1	1	1	1	1
UPI00077C6F75	7	1	1	1	1	1	1	1
UPI00077C6F74	7	1	1	1	1	1	1	1
UPI00077C6EE6	7	1	1	1	1	1	1	1
UPI00077C6ECD	7	1	1	1	1	1	1	1
UPI00077C6E1C	7	1	1	1	1	1	1	1
UPI00077C6DCA	7	1	1	1	1	1	1	1
UPI00077C6CAF	7	1	1	1	1	1	1	1
UPI00077C6C45	7	1	1	1	1	1	1	1
UPI00077C6C19	7	1	1	1	1	1	1	1
UPI00077C6BC8	7	1	1	1	1	1	1	1
UPI00077C6AC6	7	1	1	1	1	1	1	1
UPI00077C68C6	7	1	1	1	1	1	1	1
UPI00077C68B8	7	1	1	1	1	1	1	1
UPI00077C6873	7	1	1	1	1	1	1	1
UPI00077C67D7	7	1	1	1	1	1	1	1
UPI00077C6777	7	1	1	1	1	1	1	1
UPI00077C675D	7	1	1	1	1	1	1	1
UPI00077C66F2	7	1	1	1	1	1	1	1
UPI00077C6573	7	1	1	1	1	1	1	1
UPI00077C6318	7	1	1	1	1	1	1	1
UPI00077C6293	7	1	1	1	1	1	1	1
UPI00077C61B2	7	1	1	1	1	1	1	1
UPI00077C618A	7	1	1	1	1	1	1	1
UPI00077C5FCD	7	1	1	1	1	1	1	1
UPI00077C5F6B	7	1	1	1	1	1	1	1
UPI00077C5F52	7	1	1	1	1	1	1	1
UPI00077C5DE0	7	1	1	1	1	1	1	1
UPI00077C5DBF	7	1	1	1	1	1	1	1
UPI00077C5DBB	7	1	1	1	1	1	1	1
UPI00077C5BC8	7	1	1	1	1	1	1	1
UPI00077C5B31	7	1	1	1	1	1	1	1
UPI00077C5B05	7	1	1	1	1	1	1	1
UPI00077C5AAB	7	1	1	1	1	1	1	1
UPI00077C5AA5	7	1	1	1	1	1	1	1
UPI00077C592C	7	1	1	1	1	1	1	1
UPI00077C5903	7	1	1	1	1	1	1	1
UPI00077C58E2	7	1	1	1	1	1	1	1
UPI00077C5794	7	1	1	1	1	1	1	1
UPI00077C56E2	7	1	1	1	1	1	1	1
UPI00077C5641	7	1	1	1	1	1	1	1
UPI00077C55DE	7	1	1	1	1	1	1	1
UPI00077C5545	7	1	1	1	1	1	1	1
UPI00077C5459	7	1	1	1	1	1	1	1
UPI00077C5408	7	1	1	1	1	1	1	1
UPI00077C539B	7	1	1	1	1	1	1	1
UPI00077C52EC	7	1	1	1	1	1	1	1
UPI00077C50A5	7	1	1	1	1	1	1	1
UPI00077C4F4D	7	1	1	1	1	1	1	1
UPI00077C4ED7	7	1	1	1	1	1	1	1
UPI00077C4E18	7	1	1	1	1	1	1	1
UPI00077C4BA2	7	1	1	1	1	1	1	1
UPI00077C4B29	7	1	1	1	1	1	1	1
UPI00077C4913	7	1	1	1	1	1	1	1
UPI00077C48B8	7	1	1	1	1	1	1	1
UPI00077C48B6	7	1	1	1	1	1	1	1
UPI00077C48B0	7	1	1	1	1	1	1	1
UPI00077C4852	7	1	1	1	1	1	1	1
UPI00077C484D	7	1	1	1	1	1	1	1
UPI00077C4734	7	1	1	1	1	1	1	1
UPI00077C4712	7	1	1	1	1	1	1	1
UPI00077C45CD	7	1	1	1	1	1	1	1
UPI00077C45AC	7	1	1	1	1	1	1	1
UPI00077C455F	7	1	1	1	1	1	1	1
UPI00077C43EA	7	1	1	1	1	1	1	1
UPI00077C4183	7	1	1	1	1	1	1	1
UPI00077C412F	7	1	1	1	1	1	1	1
UPI00077C408E	7	1	1	1	1	1	1	1
UPI00077C3FD6	7	1	1	1	1	1	1	1
UPI00077C3FD3	7	1	1	1	1	1	1	1
UPI00077C3FCA	7	1	1	1	1	1	1	1
UPI00077C3E35	7	1	1	1	1	1	1	1
UPI00077C3DA5	7	1	1	1	1	1	1	1
UPI00077C3D76	7	1	1	1	1	1	1	1
UPI00077C3C72	7	1	1	1	1	1	1	1
UPI00077C3BD4	7	1	1	1	1	1	1	1
UPI00077C3B79	7	1	1	1	1	1	1	1
UPI00077C3AE6	7	1	1	1	1	1	1	1
UPI00077C3A99	7	1	1	1	1	1	1	1
UPI00077C3A80	7	1	1	1	1	1	1	1
UPI00077C3A21	7	1	1	1	1	1	1	1
UPI00077C3A15	7	1	1	1	1	1	1	1
UPI00077C37FD	7	1	1	1	1	1	1	1
UPI00077C378B	7	1	1	1	1	1	1	1
UPI00077C3758	7	1	1	1	1	1	1	1
UPI00077C36DD	7	1	1	1	1	1	1	1
UPI00077C3692	7	1	1	1	1	1	1	1
UPI00077C3684	7	1	1	1	1	1	1	1
UPI00077C357C	7	1	1	1	1	1	1	1
UPI00077C3538	7	1	1	1	1	1	1	1
UPI00077C3495	7	1	1	1	1	1	1	1
UPI00077C32D2	7	1	1	1	1	1	1	1
UPI00077C32C9	7	1	1	1	1	1	1	1
UPI00077C30A9	7	1	1	1	1	1	1	1
UPI00077C3091	7	1	1	1	1	1	1	1
UPI00077C2FA0	7	1	1	1	1	1	1	1
UPI00077C2F70	7	1	1	1	1	1	1	1
UPI00077C2EEC	7	1	1	1	1	1	1	1
UPI00077C2E1E	7	1	1	1	1	1	1	1
UPI00077C2E1C	7	1	1	1	1	1	1	1
UPI00077C2C44	7	1	1	1	1	1	1	1
UPI00077C2C1B	7	1	1	1	1	1	1	1
UPI00077C2BA1	7	1	1	1	1	1	1	1
UPI00077C2B59	7	1	1	1	1	1	1	1
UPI00077C2B55	7	1	1	1	1	1	1	1
UPI00077C2AF6	7	1	1	1	1	1	1	1
UPI00077C2ADA	7	1	1	1	1	1	1	1
UPI00077C2A30	7	1	1	1	1	1	1	1
UPI00077C2940	7	1	1	1	1	1	1	1
UPI00077C28BA	7	1	1	1	1	1	1	1
UPI00077C289E	7	1	1	1	1	1	1	1
UPI00077C2877	7	1	1	1	1	1	1	1
UPI00077C26D1	7	1	1	1	1	1	1	1
UPI00077C25F4	7	1	1	1	1	1	1	1
UPI00077C25D7	7	1	1	1	1	1	1	1
UPI00077C23D6	7	1	1	1	1	1	1	1
UPI00077C239D	7	1	1	1	1	1	1	1
UPI00077C202F	7	1	1	1	1	1	1	1
UPI00077C1F6F	7	1	1	1	1	1	1	1
UPI00077C1ECA	7	1	1	1	1	1	1	1
UPI00077C1EBB	7	1	1	1	1	1	1	1
UPI00077C1E3A	7	1	1	1	1	1	1	1
UPI00077C1DAB	7	1	1	1	1	1	1	1
UPI00077C1CF8	7	1	1	1	1	1	1	1
UPI00077C1C89	7	1	1	1	1	1	1	1
UPI00077C1BBA	7	1	1	1	1	1	1	1
UPI00077C1B3E	7	1	1	1	1	1	1	1
UPI00077C1B13	7	1	1	1	1	1	1	1
UPI00077C1A64	7	1	1	1	1	1	1	1
UPI00077C18E1	7	1	1	1	1	1	1	1
UPI00077C18DC	7	1	1	1	1	1	1	1
UPI00077C188E	7	1	1	1	1	1	1	1
UPI00077C170C	7	1	1	1	1	1	1	1
UPI00077C15FF	7	1	1	1	1	1	1	1
UPI00077C15AD	7	1	1	1	1	1	1	1
UPI00077C1551	7	1	1	1	1	1	1	1
UPI00077C14B5	7	1	1	1	1	1	1	1
UPI00077C130D	7	1	1	1	1	1	1	1
UPI00077C12A2	7	1	1	1	1	1	1	1
UPI00077C124F	7	1	1	1	1	1	1	1
UPI00077C1219	7	1	1	1	1	1	1	1
UPI00077C107F	7	1	1	1	1	1	1	1
UPI00077C100C	7	1	1	1	1	1	1	1
UPI00077C0FF0	7	1	1	1	1	1	1	1
UPI00077C0FAE	7	1	1	1	1	1	1	1
UPI00077C0F93	7	1	1	1	1	1	1	1
UPI0006742977	7	1	1	1	1	1	1	1
UPI00067416B5	7	1	1	1	1	1	1	1
UPI00059ECE0B	7	1	1	1	1	1	1	1
UPI00059E18C3	7	1	1	1	1	1	1	1
UPI00059DB8C7	7	1	1	1	1	1	1	1
UPI00059D8EFF	7	1	1	1	1	1	1	1
UPI00059C814D	7	1	1	1	1	1	1	1
UPI00059C60D8	7	1	1	1	1	1	1	1
UPI00059C5FD1	7	1	1	1	1	1	1	1
UPI00059BAC80	7	1	1	1	1	1	1	1
UPI00046B0AD8	7	1	1	1	1	1	1	1
UPI00046B077C	7	1	1	1	1	1	1	1
UPI00046B054B	7	1	1	1	1	1	1	1
UPI00046B050A	7	1	1	1	1	1	1	1
UPI00046B04D1	7	1	1	1	1	1	1	1
UPI00046B0448	7	1	1	1	1	1	1	1
UPI00046B0129	7	1	1	1	1	1	1	1
UPI00046B008C	7	1	1	1	1	1	1	1
UPI00046AFE0F	7	1	1	1	1	1	1	1
UPI00046AFCF1	7	1	1	1	1	1	1	1
UPI00046AF8A8	7	1	1	1	1	1	1	1
UPI00046AF882	7	1	1	1	1	1	1	1
UPI00046AF681	7	1	1	1	1	1	1	1
UPI00046AF5F7	7	1	1	1	1	1	1	1
UPI00046AF5F1	7	1	1	1	1	1	1	1
UPI00046AF44D	7	1	1	1	1	1	1	1
UPI00046AF433	7	1	1	1	1	1	1	1
UPI00046AF23B	7	1	1	1	1	1	1	1
UPI00046AF03C	7	1	1	1	1	1	1	1
UPI00046AEEFF	7	1	1	1	1	1	1	1
UPI00046AEE85	7	1	1	1	1	1	1	1
UPI00046AEDD7	7	1	1	1	1	1	1	1
UPI00046AECBB	7	1	1	1	1	1	1	1
UPI00046AEC3E	7	1	1	1	1	1	1	1
UPI00046AE9DD	7	1	1	1	1	1	1	1
UPI00046AE9C3	7	1	1	1	1	1	1	1
UPI00046AE917	7	1	1	1	1	1	1	1
UPI00046AE813	7	1	1	1	1	1	1	1
UPI00046AE718	7	1	1	1	1	1	1	1
UPI00046AE712	7	1	1	1	1	1	1	1
UPI00046AE66C	7	1	1	1	1	1	1	1
UPI00046AE63B	7	1	1	1	1	1	1	1
UPI00046AE626	7	1	1	1	1	1	1	1
UPI00046AE5B4	7	1	1	1	1	1	1	1
UPI00046AE5AB	7	1	1	1	1	1	1	1
UPI00046AE0F3	7	1	1	1	1	1	1	1
UPI00046AE0F2	7	1	1	1	1	1	1	1
UPI00046AE0B7	7	1	1	1	1	1	1	1
UPI00046ADEC6	7	1	1	1	1	1	1	1
UPI00046ADDF1	7	1	1	1	1	1	1	1
UPI00046ADC1C	7	1	1	1	1	1	1	1
UPI00046ADB97	7	1	1	1	1	1	1	1
UPI00046ADB46	7	1	1	1	1	1	1	1
UPI00046ADA2B	7	1	1	1	1	1	1	1
UPI00046AD945	7	1	1	1	1	1	1	1
UPI00046AD83B	7	1	1	1	1	1	1	1
UPI00046AD61D	7	1	1	1	1	1	1	1
UPI00046AD3F4	7	1	1	1	1	1	1	1
UPI00046AD373	7	1	1	1	1	1	1	1
UPI00046AD278	7	1	1	1	1	1	1	1
UPI00046AD22F	7	1	1	1	1	1	1	1
UPI00046AD1B9	7	1	1	1	1	1	1	1
UPI00046AD134	7	1	1	1	1	1	1	1
UPI00046AD119	7	1	1	1	1	1	1	1
UPI00046AD0F4	7	1	1	1	1	1	1	1
UPI00046AD0AB	7	2	1	1	3	2	1	2
UPI00046AD0A1	7	1	1	1	1	1	1	1
UPI00046ACFFD	7	1	1	1	1	1	1	1
UPI00046ACE6D	7	1	1	1	1	1	1	1
UPI00046ACD5F	7	1	1	1	1	1	1	1
UPI00046ACC5C	7	1	1	1	1	1	1	1
UPI00046ACBCF	7	1	1	1	1	1	1	1
UPI00046ACB55	7	1	1	1	1	1	1	1
UPI00046ACB53	7	1	1	1	1	1	1	1
UPI00046ACA06	7	1	1	1	1	1	1	1
UPI00046AC94F	7	1	1	1	1	1	1	1
UPI00046AC8DE	7	1	1	1	1	1	1	1
UPI00046AC666	7	1	1	1	1	1	1	1
UPI00046AC625	7	1	1	1	1	1	1	1
UPI00046AC5FD	7	1	1	1	1	1	1	1
UPI00046AC50F	7	1	1	1	1	1	1	1
UPI00046AC36D	7	1	1	1	1	1	1	1
UPI00046AC35F	7	1	1	1	1	1	1	1
UPI00046AC2D2	7	1	1	1	1	1	1	1
UPI00046AC26F	7	1	1	1	1	1	1	1
UPI00046AC25B	7	1	1	1	1	1	1	1
UPI00046AC1F7	7	1	1	1	1	1	1	1
UPI00046AC145	7	1	1	1	1	1	1	1
UPI00046ABEA5	7	1	1	1	1	1	1	1
UPI00046ABB05	7	1	1	1	1	1	1	1
UPI00046ABA0E	7	1	1	1	1	1	1	1
UPI00046AB79A	7	1	1	1	1	1	1	1
UPI00046AB735	7	1	1	1	1	1	1	1
UPI00046AB67C	7	1	1	1	1	1	1	1
UPI00046AB410	7	1	1	1	1	1	1	1
UPI00046AB1E8	7	1	1	1	1	1	1	1
UPI00046AB1BD	7	1	1	1	1	1	1	1
UPI00046AB199	7	1	1	1	1	1	1	1
UPI00046AB10F	7	1	1	1	1	1	1	1
UPI00046AB0C6	7	1	1	1	1	1	1	1
UPI00046AB05B	7	1	1	1	1	1	1	1
UPI00046AAF98	7	1	1	1	1	1	1	1
UPI00046AAEFF	7	1	1	1	1	1	1	1
UPI00046AAED0	7	1	1	1	1	1	1	1
UPI00046AAE07	7	1	1	1	1	1	1	1
UPI00046AADAA	7	1	1	1	1	1	1	1
UPI00046AA9EB	7	1	1	1	1	1	1	1
UPI00046AA8ED	7	1	1	1	1	1	1	1
UPI00046AA6DB	7	1	1	1	1	1	1	1
UPI00046AA6B1	7	1	1	1	1	1	1	1
UPI00046AA4EE	7	1	1	1	1	1	1	1
UPI00046AA4DA	7	1	1	1	1	1	1	1
UPI00046AA3A5	7	1	1	1	1	1	1	1
UPI00046AA1E6	7	1	1	1	1	1	1	1
UPI00046AA049	7	1	1	1	1	1	1	1
UPI00046A9F46	7	1	1	1	1	1	1	1
UPI00046A9F02	7	1	1	1	1	1	1	1
UPI00046A9D69	7	1	1	1	1	1	1	1
UPI00046A9CCA	7	1	1	1	1	1	1	1
UPI00046A9B1F	7	1	1	1	1	1	1	1
UPI00046A99F3	7	1	1	1	1	1	1	1
UPI00046A9933	7	1	1	1	1	1	1	1
UPI00046A9872	7	1	1	1	1	1	1	1
UPI00046A9827	7	1	1	1	1	1	1	1
UPI00046A9779	7	1	1	1	1	1	1	1
UPI00046A95B9	7	1	1	1	1	1	1	1
UPI00046A9511	7	1	1	1	1	1	1	1
UPI00046A950E	7	1	1	1	1	1	1	1
UPI00046A9459	7	1	1	1	1	1	1	1
UPI00046A9309	7	1	1	1	1	1	1	1
UPI00046A912C	7	1	1	1	1	1	1	1
UPI00046A9093	7	1	1	1	1	1	1	1
UPI00046A903B	7	1	1	1	1	1	1	1
UPI00046A8FC0	7	1	1	1	1	1	1	1
UPI00046A8E5E	7	1	1	1	1	1	1	1
UPI00046A8E4B	7	1	1	1	1	1	1	1
UPI00046A8DF3	7	1	1	1	1	1	1	1
UPI00046A8D94	7	1	1	1	1	1	1	1
UPI00046A8AE3	7	1	1	1	1	1	1	1
UPI00046A8ABF	7	1	1	1	1	1	1	1
UPI00046A8A41	7	1	1	1	1	1	1	1
UPI00046A8549	7	1	1	1	1	1	1	1
UPI00046A848A	7	1	1	1	1	1	1	1
UPI00046A83BC	7	1	1	1	1	1	1	1
UPI00046A839F	7	1	1	1	1	1	1	1
UPI00046A80A8	7	1	1	1	1	1	1	1
UPI00046A7FC5	7	1	1	1	1	1	1	1
UPI00046A7C93	7	1	1	1	1	1	1	1
UPI00046A7C4F	7	1	1	1	1	1	1	1
UPI00046A7A7B	7	1	1	1	1	1	1	1
UPI00046A798F	7	1	1	1	1	1	1	1
UPI00046A7907	7	1	1	1	1	1	1	1
UPI00046A77B8	7	1	1	1	1	1	1	1
UPI00046A75AF	7	1	1	1	1	1	1	1
UPI00046A750F	7	1	1	1	2	1	1	1
UPI00046A7408	7	1	1	1	1	1	1	1
UPI00046A7370	7	1	1	1	1	1	1	1
UPI00046A721C	7	1	1	1	1	1	1	1
UPI00046A7077	7	1	1	1	1	1	1	1
UPI00046A6F59	7	1	1	1	1	1	1	1
UPI00046A6EB3	7	1	1	1	1	1	1	1
UPI00046A6D22	7	1	1	1	1	1	1	1
UPI00046A6C9F	7	1	1	1	1	1	1	1
UPI00046A6C3C	7	1	1	1	1	1	1	1
UPI00046A6C0B	7	1	1	1	1	1	1	1
UPI00046A6B99	7	1	1	1	1	1	1	1
UPI00046A6AB2	7	1	1	1	1	1	1	1
UPI00046A69C6	7	1	1	1	1	1	1	1
UPI00046A6997	7	1	1	1	1	1	1	1
UPI00046A695A	7	1	1	1	1	1	1	1
UPI00046A6861	7	1	1	1	1	1	1	1
UPI00046A6823	7	1	1	1	1	1	1	1
UPI00046A6721	7	1	1	1	1	1	1	1
UPI00046A6614	7	1	1	1	1	1	1	1
UPI00046A65B4	7	1	1	1	1	1	1	1
UPI00046A653E	7	1	1	1	1	1	1	1
UPI00046A647B	7	1	1	1	1	1	1	1
UPI00046A63CF	7	1	1	1	1	1	1	1
UPI00046A63B5	7	1	1	1	1	1	1	1
UPI00046A6281	7	1	1	1	1	1	1	1
UPI00046A5FA8	7	1	1	1	1	1	1	1
UPI00046A5CD6	7	1	1	1	1	1	1	1
UPI00046A5CBE	7	1	1	1	1	1	1	1
UPI00046A5C46	7	1	1	1	1	1	1	1
UPI00046A5B56	7	1	1	1	1	1	1	1
UPI00046A5A0D	7	1	1	1	1	1	1	1
UPI00046A57B4	7	1	1	1	1	1	1	1
UPI00046A561F	7	1	1	1	1	1	1	1
UPI00046A5538	7	1	1	1	1	1	1	1
UPI00046A52DB	7	1	1	1	1	1	1	1
UPI00046A523F	7	1	1	1	1	1	1	1
UPI00046A5170	7	1	1	1	1	1	1	1
UPI00046A512C	7	1	1	1	1	1	1	1
UPI00046A50F2	7	1	1	1	1	1	1	1
UPI00046A5061	7	1	1	1	1	1	1	1
UPI00046A4EEE	7	1	1	1	1	1	1	1
UPI00046A4EB9	7	1	1	1	1	1	1	1
UPI00046A4D2F	7	1	1	1	1	1	1	1
UPI00046A4CCF	7	1	1	1	1	1	1	1
UPI00046A4B0A	7	1	1	1	1	1	1	1
UPI00046A4AB8	7	1	1	1	1	1	1	1
UPI00046A4A2A	7	1	1	1	1	1	1	1
UPI00046A4A10	7	1	1	1	1	1	1	1
UPI00046A49B7	7	1	1	1	1	1	1	1
UPI00046A48ED	7	1	1	1	1	1	1	1
UPI00046A48C0	7	1	1	1	1	1	1	1
UPI00046A481D	7	1	1	1	1	1	1	1
UPI00046A4805	7	1	1	1	1	1	1	1
UPI00046A4793	7	1	1	1	1	1	1	1
UPI00046A4707	7	1	1	2	2	1	2	1
UPI00046A465C	7	1	1	1	1	1	1	1
UPI00046A465A	7	1	1	1	1	1	1	1
UPI00046A4544	7	1	1	1	1	1	1	1
UPI00046A4428	7	1	1	1	1	1	1	1
UPI00046A4407	7	1	1	1	1	1	1	1
UPI00046A3DE4	7	1	1	1	1	1	1	1
UPI00046A3C4F	7	1	1	1	1	1	1	1
UPI00046A3BE5	7	1	1	1	1	1	1	1
UPI00046A3B51	7	1	1	1	1	1	1	1
UPI00046A3A95	7	1	1	1	1	1	1	1
UPI00046A3A5E	7	1	1	1	1	1	1	1
UPI00046A38A8	7	1	1	1	1	1	1	1
UPI00046A3859	7	1	1	1	1	1	1	1
UPI00046A37FB	7	1	1	1	1	1	1	1
UPI00046A37A3	7	1	1	1	1	1	1	1
UPI00046A3599	7	1	1	1	1	1	1	1
UPI00046A3591	7	1	1	1	1	1	1	1
UPI00046A3567	7	1	1	1	1	1	1	1
UPI00046A350A	7	1	1	1	1	1	1	1
UPI00046A3422	7	1	1	1	1	1	1	1
UPI00046A3404	7	1	1	1	1	1	1	1
UPI00046A3356	7	1	1	1	1	1	1	1
UPI00046A333E	7	1	1	1	1	1	1	1
UPI00046A32B8	7	1	1	1	2	1	1	1
UPI00046A2D85	7	1	1	1	1	1	1	1
UPI00046A2D4C	7	1	1	1	1	1	1	1
UPI00046A2CF4	7	1	1	1	1	1	1	1
UPI00046A2A71	7	1	1	1	1	1	1	1
UPI00046A2915	7	1	1	1	1	1	1	1
UPI00046A282A	7	1	1	1	1	1	1	1
UPI00046A252F	7	1	1	1	1	1	1	1
UPI00046A24DF	7	1	1	1	1	1	1	1
UPI00046A23DD	7	1	1	1	1	1	1	1
UPI00046A23B5	7	1	1	1	1	1	1	1
UPI00046A23A6	7	1	1	1	1	1	1	1
UPI00046A23A0	7	1	1	1	1	1	1	1
UPI00046A22B1	7	1	1	1	1	1	1	1
UPI00046A21CD	7	1	1	1	1	1	1	1
UPI00046A2192	7	1	1	1	1	1	1	1
UPI00046A2137	7	1	1	1	1	1	1	1
UPI00046A2085	7	1	1	1	1	1	1	1
UPI00046A203B	7	1	1	1	1	1	1	1
UPI00046A1FF9	7	1	1	1	1	1	1	1
UPI00046A1F0C	7	1	1	1	1	1	1	1
UPI00046A1D68	7	1	1	1	1	1	1	1
UPI00046A1C6C	7	1	1	1	1	1	1	1
UPI00046A1BBC	7	1	1	1	1	1	1	1
UPI00046A1BAC	7	1	1	1	1	1	1	1
UPI00046A1B16	7	1	1	1	1	1	1	1
UPI00046A187E	7	1	1	1	1	1	1	1
UPI00046A1729	7	1	1	1	1	1	1	1
UPI00046A15D3	7	1	1	1	1	1	1	1
UPI00046A15BE	7	1	1	1	1	1	1	1
UPI00046A145E	7	1	1	1	1	1	1	1
UPI00046A141A	7	1	1	1	1	1	1	1
UPI00046A1400	7	1	1	1	1	1	1	1
UPI00046A10F5	7	1	1	1	1	1	1	1
UPI00046A1022	7	1	1	1	1	1	1	1
UPI00046A0FDA	7	1	1	1	1	1	1	1
UPI00046A0DA2	7	1	1	1	1	1	1	1
UPI00046A0CF4	7	1	1	1	1	1	1	1
UPI00046A0CF1	7	1	1	1	1	1	1	1
UPI00046A0A9D	7	1	1	1	1	1	1	1
UPI00046A0A0D	7	1	1	1	1	1	1	1
UPI00046A09F0	7	1	1	1	1	1	1	1
UPI00046A0931	7	1	1	1	1	1	1	1
UPI00046A070F	7	1	1	1	1	1	1	1
UPI00046A05F9	7	1	1	1	1	1	1	1
UPI00046A046A	7	1	1	1	1	1	1	1
UPI00046A0351	7	1	1	1	1	1	1	1
UPI00046A00C9	7	1	1	1	1	1	1	1
UPI000469FF60	7	1	1	1	1	1	1	1
UPI000469FE89	7	1	1	1	1	1	1	1
UPI000469FD83	7	1	1	1	1	1	1	1
UPI000469FD5E	7	1	1	1	1	1	1	1
UPI000469FC2B	7	1	1	1	1	1	1	1
UPI000469FC0D	7	1	1	1	1	1	1	1
UPI000469F686	7	1	1	1	1	1	1	1
UPI000469F5A2	7	1	1	1	1	1	1	1
UPI000469F4AF	7	1	1	1	1	1	1	1
UPI000469F3F2	7	1	1	1	1	1	1	1
UPI000469F269	7	1	1	1	1	1	1	1
UPI000469F1AA	7	1	1	1	1	1	1	1
UPI000469F0F1	7	1	1	1	1	1	1	1
UPI000469F0C1	7	1	1	1	1	1	1	1
UPI000469F0BB	7	1	1	1	1	1	1	1
UPI000469ED9E	7	1	1	1	1	1	1	1
UPI000469EA05	7	1	1	1	1	1	1	1
UPI000469E9BE	7	1	1	1	1	1	1	1
UPI000469E8F2	7	1	1	1	1	1	1	1
UPI000469E646	7	1	1	1	1	1	1	1
UPI000469E643	7	1	1	1	1	1	1	1
UPI000469E5E7	7	1	1	1	1	1	1	1
UPI000469E597	7	1	1	1	1	1	1	1
UPI000469E3E1	7	1	1	1	1	1	1	1
UPI000469E195	7	1	1	1	1	1	1	1
UPI000469E103	7	1	1	1	1	1	1	1
UPI000469E087	7	1	1	1	1	1	1	1
UPI000469D875	7	1	1	1	1	1	1	1
UPI000469D857	7	1	1	1	1	1	1	1
UPI000469D831	7	1	1	1	1	1	1	1
UPI000469D814	7	1	1	1	1	1	1	1
UPI000469D801	7	1	1	1	1	1	1	1
UPI000469D355	7	1	1	1	1	1	1	1
UPI000469D304	7	1	1	1	1	1	1	1
UPI000469D2C9	7	1	1	1	1	1	1	1
UPI000469D23D	7	1	1	1	1	1	1	1
UPI000469D0FA	7	1	1	1	1	1	1	1
UPI000469D08D	7	1	1	1	1	1	1	1
UPI000469CE61	7	1	1	1	1	1	1	1
UPI000469CB94	7	1	1	1	1	1	1	1
UPI000469CB71	7	1	1	1	1	1	1	1
UPI000469CB4F	7	1	1	1	1	1	1	1
UPI000469C643	7	1	1	1	1	1	1	1
UPI000469C5BD	7	1	1	1	1	1	1	1
UPI000469C4D0	7	1	1	1	1	1	1	1
UPI000469C4A4	7	1	1	1	1	1	1	1
UPI000469C2F2	7	1	1	1	1	1	1	1
UPI000469C1BE	7	1	1	1	1	1	1	1
UPI000469C123	7	1	1	1	1	1	1	1
UPI000469C051	7	1	1	1	1	1	1	1
UPI000469C03E	7	1	1	1	1	1	1	1
UPI000469BF52	7	1	1	1	1	1	1	1
UPI000469BEAE	7	1	1	1	1	1	1	1
UPI000469BE66	7	1	1	1	1	1	1	1
UPI000469BDB0	7	1	1	1	1	1	1	1
UPI000469BD6F	7	1	1	1	1	1	1	1
UPI000469BCDD	7	1	1	1	1	1	1	1
UPI000469BCC8	7	1	1	1	1	1	1	1
UPI000469BC7E	7	1	1	1	1	1	1	1
UPI000469BB75	7	1	1	1	1	1	1	1
UPI000469B93F	7	1	1	1	1	1	1	1
UPI000469B86E	7	1	1	1	1	1	1	1
UPI000469B80C	7	1	1	1	1	1	1	1
UPI000469B69C	7	1	1	1	1	1	1	1
UPI000469B5BB	7	1	1	1	1	1	1	1
UPI000469B4FE	7	1	1	1	1	1	1	1
UPI000469B37B	7	1	1	1	1	1	1	1
UPI000469B2D8	7	1	1	1	1	1	1	1
UPI000469B20D	7	1	1	1	1	1	1	1
UPI000469B04B	7	1	1	1	1	1	1	1
UPI000469AFED	7	1	1	1	1	1	1	1
UPI000469AF31	7	1	1	1	1	1	1	1
UPI000469AEA0	7	1	1	1	1	1	1	1
UPI000469AE4F	7	1	1	1	1	1	1	1
UPI000469AC04	7	1	1	1	1	1	1	1
UPI000469A8E9	7	1	1	1	1	1	1	1
UPI000469A874	7	1	1	1	1	1	1	1
UPI000469A802	7	1	1	1	1	1	1	1
UPI000469A5EF	7	1	1	1	1	1	1	1
UPI000469A522	7	1	1	1	1	1	1	1
UPI000469A3F3	7	1	1	1	1	1	1	1
UPI000469A344	7	1	1	1	1	1	1	1
UPI000469A115	7	1	1	1	2	1	1	1
UPI0004699F92	7	1	1	1	1	1	1	1
UPI0004699F76	7	1	1	1	1	1	1	1
UPI0004699EA8	7	1	1	1	1	1	1	1
UPI0004699EA7	7	1	1	1	1	1	1	1
UPI0004699BBA	7	1	1	1	1	1	1	1
UPI0004699A88	7	1	1	1	1	1	1	1
UPI0004699915	7	1	1	1	1	1	1	1
UPI000469960E	7	1	1	1	1	1	1	1
UPI000469960C	7	1	1	1	1	1	1	1
UPI000469941E	7	1	1	1	1	1	1	1
UPI0004699274	7	1	1	1	1	1	1	1
UPI000469922A	7	1	1	1	1	1	1	1
UPI00046991EF	7	1	1	1	1	1	1	1
UPI00046990DA	7	1	1	1	1	1	1	1
UPI00046990BD	7	1	1	1	1	1	1	1
UPI0004698DA8	7	1	1	1	1	1	1	1
UPI0004698DA6	7	1	1	1	1	1	1	1
UPI0004698BFF	7	1	1	1	1	1	1	1
UPI0004698915	7	1	1	1	1	1	1	1
UPI00046987F5	7	1	1	1	1	1	1	1
UPI0004698574	7	1	1	1	1	1	1	1
UPI0004698361	7	1	1	1	1	1	1	1
UPI00046981F1	7	1	1	1	1	1	1	1
UPI00046981EB	7	1	1	1	1	1	1	1
UPI00046981E9	7	1	1	1	1	1	1	1
UPI000469817B	7	1	1	1	1	1	1	1
UPI0004697F1F	7	1	1	1	1	1	1	1
UPI0004697DB5	7	1	1	1	1	1	1	1
UPI0004697D14	7	1	1	1	1	1	1	1
UPI0004697C33	7	1	1	1	1	1	1	1
UPI0004697B3C	7	1	1	1	1	1	1	1
UPI0004697809	7	1	1	1	1	1	1	1
UPI000469769B	7	1	1	1	1	1	1	1
UPI0004697243	7	1	1	1	1	1	1	1
UPI0004697118	7	1	1	1	1	1	1	1
UPI000469706A	7	1	1	1	1	1	1	1
UPI000469704B	7	1	1	1	1	1	1	1
UPI0004696FC4	7	1	1	1	1	1	1	1
UPI0004696F96	7	1	1	1	1	1	1	1
UPI0004696C80	7	1	1	1	1	1	1	1
UPI0004696BCD	7	1	1	1	1	1	1	1
UPI0004696B0E	7	1	1	1	1	1	1	1
UPI0004696A90	7	1	1	1	1	1	1	1
UPI0004696966	7	1	1	1	1	1	1	1
UPI0004696958	7	1	1	1	1	1	1	1
UPI0004696935	7	1	1	1	1	1	1	1
UPI00046966F9	7	1	1	1	1	1	1	1
UPI0004696240	7	1	1	1	1	1	1	1
UPI00046960A4	7	1	1	1	1	1	1	1
UPI0004695ED3	7	1	1	1	1	1	1	1
UPI0004695C9B	7	1	1	1	1	1	1	1
UPI00046955CD	7	1	1	1	1	1	1	1
UPI0004695391	7	1	1	1	1	1	1	1
UPI0004694C88	7	1	1	1	1	1	1	1
UPI0004694A92	7	1	1	1	1	1	1	1
UPI0004694984	7	1	1	1	1	1	1	1
UPI000469489F	7	1	1	1	1	1	1	1
UPI000469447F	7	1	1	1	1	1	1	1
UPI0004694439	7	1	1	1	1	1	1	1
UPI0004694319	7	1	1	1	1	1	1	1
UPI00046942FF	7	1	1	1	1	1	1	1
UPI00046941BC	7	1	1	1	1	1	1	1
UPI00046941B7	7	1	1	1	1	1	1	1
UPI0004694063	7	1	1	1	1	1	1	1
UPI000469403A	7	1	1	1	1	1	1	1
UPI0004693F3C	7	1	1	1	1	1	1	1
UPI0004693E13	7	1	1	1	1	1	1	1
UPI0004693B9B	7	1	1	1	1	1	1	1
UPI0004693B54	7	1	1	1	1	1	1	1
UPI000469385C	7	1	1	1	2	1	1	1
UPI00046937B9	7	1	1	1	1	1	1	1
UPI000469376E	7	1	1	1	1	1	1	1
UPI00046936F6	7	1	1	1	1	1	1	1
UPI0004693645	7	1	1	1	1	1	1	1
UPI00046935EA	7	1	1	1	1	1	1	1
UPI0004693576	7	1	1	1	1	1	1	1
UPI000469355A	7	1	1	1	1	1	1	1
UPI00046934F5	7	1	1	1	1	1	1	1
UPI00046933C5	7	1	1	1	1	1	1	1
UPI0004693297	7	1	1	1	1	1	1	1
UPI0004692E4F	7	1	1	1	1	1	1	1
UPI0004692D8F	7	1	1	1	1	1	1	1
UPI0004692D8C	7	1	1	1	1	1	1	1
UPI0004692B5D	7	1	1	1	1	1	1	1
UPI00046929C4	7	1	1	1	1	1	1	1
UPI0004692557	7	1	1	1	1	1	1	1
UPI00046924F5	7	1	1	1	1	1	1	1
UPI00046924E5	7	1	1	1	1	1	1	1
UPI0004692452	7	1	1	1	1	1	1	1
UPI0004692227	7	1	1	1	1	1	1	1
UPI000469220C	7	1	1	1	1	1	1	1
UPI0004692108	7	1	1	1	1	1	1	1
UPI0004691CD1	7	1	1	1	1	1	1	1
UPI0004691A99	7	1	1	1	1	1	1	1
UPI0004691747	7	1	1	1	1	1	1	1
UPI000469161D	7	1	1	1	1	1	1	1
UPI000469158F	7	1	1	1	1	1	1	1
UPI000469141E	7	1	1	1	1	1	1	1
UPI0004690DFD	7	1	1	1	1	1	1	1
UPI0004690DE1	7	1	1	1	1	1	1	1
UPI0004690CE4	7	1	1	1	1	1	1	1
UPI0004690C90	7	1	1	1	1	1	1	1
UPI0004690C7C	7	1	1	1	1	1	1	1
UPI0004690C23	7	1	1	1	1	1	1	1
UPI0004690BBE	7	1	1	1	1	1	1	1
UPI0004690B92	7	1	1	1	1	1	1	1
UPI0004690956	7	1	1	1	1	1	1	1
UPI00046908EB	7	1	1	1	1	1	1	1
UPI00046905F1	7	1	1	1	1	1	1	1
UPI0004690496	7	1	1	1	1	1	1	1
UPI00046903B8	7	1	1	1	1	1	1	1
UPI000469026F	7	1	1	1	1	1	1	1
UPI000468FF2D	7	1	1	1	1	1	1	1
UPI000468FDB1	7	1	1	1	1	1	1	1
UPI000468FC3D	7	1	1	1	1	1	1	1
UPI000468FBF1	7	1	1	1	1	1	1	1
UPI000468FAD7	7	1	1	1	1	1	1	1
UPI000468FA40	7	1	1	1	1	1	1	1
UPI000468F8AD	7	1	1	1	1	1	1	1
UPI000468F2C8	7	1	1	1	1	1	1	1
UPI000468F213	7	1	1	1	1	1	1	1
UPI000468F0CB	7	1	1	1	1	1	1	1
UPI000468EFF6	7	1	1	1	1	1	1	1
UPI000468EF08	7	1	1	1	1	1	1	1
UPI000468EDD7	7	1	1	1	1	1	1	1
UPI000468EC3E	7	1	1	1	1	1	1	1
UPI000468E93E	7	1	1	1	1	1	1	1
UPI000468E919	7	1	1	1	1	1	1	1
UPI000468E8EC	7	1	1	1	1	1	1	1
UPI000468E869	7	1	1	1	1	1	1	1
UPI000468E6DA	7	1	1	1	1	1	1	1
UPI000468E6B8	7	1	1	1	1	1	1	1
UPI000468E5B5	7	1	1	1	1	1	1	1
UPI000468E4CC	7	1	1	1	1	1	1	1
UPI000468E2C5	7	1	1	1	1	1	1	1
UPI000468E2A6	7	1	1	1	1	1	1	1
UPI000468E1F8	7	1	1	1	1	1	1	1
UPI000468DF55	7	1	1	1	1	1	1	1
UPI000468DF24	7	1	1	1	1	1	1	1
UPI000468DDF6	7	1	1	1	1	1	1	1
UPI000468DD28	7	1	1	1	1	1	1	1
UPI000468DC54	7	1	1	1	1	1	1	1
UPI000468DA13	7	1	1	1	1	1	1	1
UPI000468D997	7	1	1	1	1	1	1	1
UPI000468D7AA	7	1	1	1	1	1	1	1
UPI000468D5E2	7	1	1	1	1	1	1	1
UPI000468D5DB	7	1	1	1	1	1	1	1
UPI000468D55D	7	1	1	1	1	1	1	1
UPI000468D1E4	7	1	1	1	1	1	1	1
UPI000468D140	7	1	1	1	1	1	1	1
UPI000468D108	7	1	1	1	1	1	1	1
UPI000468D0E1	7	1	1	1	1	1	1	1
UPI000468CEAC	7	1	1	1	1	1	1	1
UPI000468CDA1	7	1	1	1	1	1	1	1
UPI000468CD39	7	1	1	1	1	1	1	1
UPI000468CC5F	7	1	1	1	1	1	1	1
UPI000468CAE3	7	1	1	1	1	1	1	1
UPI000468C8D6	7	1	1	1	1	1	1	1
UPI000468C6D4	7	1	1	1	1	1	1	1
UPI000468C697	7	1	1	1	1	1	1	1
UPI000468C5A5	7	1	1	1	1	1	1	1
UPI000468C3DF	7	1	1	1	1	1	1	1
UPI000468C3C9	7	1	1	1	1	1	1	1
UPI000468C168	7	1	1	1	1	1	1	1
UPI000468C15E	7	1	1	1	1	1	1	1
UPI000468C12A	7	1	1	1	1	1	1	1
UPI000468BF3C	7	1	1	1	1	1	1	1
UPI000468BD44	7	1	1	1	1	1	1	1
UPI000468BD0C	7	1	1	1	1	1	1	1
UPI000468BCFD	7	1	1	1	1	1	1	1
UPI000468BC12	7	1	1	1	1	1	1	1
UPI000468B859	7	1	1	1	1	1	1	1
UPI000468B59B	7	1	1	1	1	1	1	1
UPI000468B4E8	7	1	1	1	1	1	1	1
UPI000468B4D7	7	1	1	1	1	1	1	1
UPI000468B40E	7	1	1	1	1	1	1	1
UPI000468B2E2	7	1	1	1	1	1	1	1
UPI000468B1D4	7	1	1	1	1	1	1	1
UPI000468B161	7	1	1	1	1	1	1	1
UPI000468B0F1	7	1	1	1	1	1	1	1
UPI000468B049	7	1	1	1	1	1	1	1
UPI000468AF25	7	1	1	1	1	1	1	1
UPI000468AEE2	7	1	1	1	1	1	1	1
UPI000468AE32	7	1	1	1	1	1	1	1
UPI000468AE1E	7	1	1	1	1	1	1	1
UPI000468ACED	7	1	1	1	1	1	1	1
UPI000468A9F8	7	1	1	1	1	1	1	1
UPI000468A6DB	7	1	1	1	1	1	1	1
UPI000468A11E	7	1	1	1	1	1	1	1
UPI000468A0BE	7	1	1	1	1	1	1	1
UPI000468A063	7	1	1	1	1	1	1	1
UPI0004689F50	7	1	1	1	1	1	1	1
UPI0004689E58	7	1	1	1	1	1	1	1
UPI0004689C93	7	1	1	1	1	1	1	1
UPI0004689C4E	7	1	1	1	2	1	1	1
UPI0004689BEE	7	1	1	1	1	1	1	1
UPI0004689A17	7	1	1	1	1	1	1	1
UPI000468992B	7	1	1	1	1	1	1	1
UPI00046896B4	7	1	1	1	1	1	1	1
UPI00046896AD	7	1	1	1	1	1	1	1
UPI00046895D7	7	1	1	1	1	1	1	1
UPI00046893D4	7	1	1	1	1	1	1	1
UPI0004688E36	7	1	1	1	1	1	1	1
UPI0004688DA1	7	1	1	1	1	1	1	1
UPI0004688BF7	7	1	1	1	1	1	1	1
UPI0004688BB4	7	1	1	1	1	1	1	1
UPI0004688BAE	7	1	1	1	1	1	1	1
UPI00046889A1	7	1	1	1	1	1	1	1
UPI000468899C	7	1	1	1	1	1	1	1
UPI000468882E	7	1	1	1	1	1	1	1
UPI0004688815	7	1	1	1	1	1	1	1
UPI0004688755	7	1	1	1	1	1	1	1
UPI0004688663	7	1	1	1	1	1	1	1
UPI00046885D8	7	1	1	1	1	1	1	1
UPI00046883C8	7	1	1	1	1	1	1	1
UPI00046883A3	7	1	1	1	1	1	1	1
UPI0004688343	7	1	1	1	1	1	1	1
UPI00046881D3	7	1	1	1	1	1	1	1
UPI00046881A3	7	1	1	1	1	1	1	1
UPI0004687F24	7	1	1	1	1	1	1	1
UPI0004687E63	7	1	1	1	1	1	1	1
UPI0004687CDF	7	1	1	1	1	1	1	1
UPI0004687CAF	7	1	1	1	1	1	1	1
UPI0004687C67	7	1	1	1	1	1	1	1
UPI000468799D	7	1	1	1	1	1	1	1
UPI0004687907	7	1	1	1	1	1	1	1
UPI00046877A2	7	1	1	1	1	1	1	1
UPI00046876EA	7	1	1	1	1	1	1	1
UPI0004687687	7	1	1	1	1	1	1	1
UPI00046875F2	7	1	1	1	1	1	1	1
UPI0004687412	7	1	1	1	1	1	1	1
UPI000468725D	7	1	1	1	1	1	1	1
UPI0004687066	7	1	1	1	1	1	1	1
UPI0004686FFA	7	1	1	1	1	1	1	1
UPI0004686DD0	7	1	1	1	1	1	1	1
UPI0004686D06	7	1	1	1	1	1	1	1
UPI0004686BCA	7	1	1	1	1	1	1	1
UPI0004686B97	7	1	1	1	1	1	1	1
UPI0004686ADD	7	1	1	1	1	1	1	1
UPI00046869CD	7	1	1	1	1	1	1	1
UPI00046861F4	7	1	1	1	1	1	1	1
UPI0004686008	7	1	1	1	1	1	1	1
UPI0004685F16	7	1	1	1	1	1	1	1
UPI0004685ED0	7	1	1	1	1	1	1	1
UPI0004685D91	7	1	1	1	1	1	1	1
UPI0004685B7D	7	1	1	1	1	1	1	1
UPI0004685786	7	1	1	1	1	1	1	1
UPI0004685760	7	1	1	1	1	1	1	1
UPI00046856B7	7	1	1	1	1	1	1	1
UPI00046856A6	7	1	1	1	1	1	1	1
UPI00046856A3	7	1	1	1	1	1	1	1
UPI000468556B	7	1	1	1	1	1	1	1
UPI00046854CD	7	1	1	1	1	1	1	1
UPI00046853D0	7	1	1	1	1	1	1	1
UPI000468527C	7	1	1	1	1	1	1	1
UPI000468524F	7	1	1	1	1	1	1	1
UPI0004685221	7	1	1	1	1	1	1	1
UPI00046851DF	7	1	1	1	1	1	1	1
UPI0004685199	7	1	1	1	1	1	1	1
UPI0004685176	7	1	1	1	1	1	1	1
UPI0004685076	7	1	1	1	1	1	1	1
UPI000468505E	7	1	1	1	1	1	1	1
UPI0004685033	7	1	1	1	1	1	1	1
UPI0004684FD6	7	1	1	1	1	1	1	1
UPI0004684F89	7	1	1	1	1	1	1	1
UPI0004684F28	7	1	1	1	1	1	1	1
UPI0004684EBB	7	1	1	1	1	1	1	1
UPI0004684DB4	7	1	1	1	1	1	1	1
UPI0004684DAF	7	1	1	1	1	1	1	1
UPI0004684B90	7	1	1	1	1	1	1	1
UPI0004684A61	7	1	1	1	1	1	1	1
UPI00046849F1	7	1	1	1	1	1	1	1
UPI00046849C6	7	1	1	1	1	1	1	1
UPI00046849AB	7	1	1	1	1	1	1	1
UPI00046846C3	7	1	1	1	1	1	1	1
UPI00046845CD	7	1	1	1	1	1	1	1
UPI00046843F2	7	1	1	1	1	1	1	1
UPI00046842E2	7	1	1	1	1	1	1	1
UPI0004683F45	7	1	1	1	1	1	1	1
UPI0004683F34	7	1	1	1	1	1	1	1
UPI0004683F18	7	1	1	1	1	1	1	1
UPI0004683E0A	7	1	1	1	1	1	1	1
UPI0004683D9C	7	1	1	1	1	1	1	1
UPI0004683D55	7	1	1	1	1	1	1	1
UPI0004683B1F	7	1	1	1	1	1	1	1
UPI00046839AD	7	1	1	1	1	1	1	1
UPI000468360F	7	1	1	1	1	1	1	1
UPI00046835D0	7	1	1	1	1	1	1	1
UPI000468329E	7	1	1	1	1	1	1	1
UPI0004683298	7	1	1	1	1	1	1	1
UPI000468327E	7	1	1	1	1	1	1	1
UPI0004683078	7	1	1	1	1	1	1	1
UPI000468301A	7	1	1	1	1	1	1	1
UPI0004682FDF	7	1	1	1	1	1	1	1
UPI0004682E9F	7	1	1	1	1	1	1	1
UPI0004682D75	7	1	1	1	1	1	1	1
UPI0004682D1B	7	1	1	1	1	1	1	1
UPI0004682D00	7	1	1	1	1	1	1	1
UPI0004682C6A	7	1	1	1	1	1	1	1
UPI0004682B5D	7	1	1	1	1	1	1	1
UPI00046829C9	7	1	1	1	1	1	1	1
UPI0004682992	7	1	1	1	1	1	1	1
UPI000468289B	7	1	1	1	1	1	1	1
UPI00046827E2	7	1	1	1	1	1	1	1
UPI00046827BB	7	1	1	1	1	1	1	1
UPI0004682662	7	1	1	1	1	1	1	1
UPI000468231C	7	1	1	1	1	1	1	1
UPI000468230D	7	1	1	1	1	1	1	1
UPI00046821B9	7	1	1	1	1	1	1	1
UPI0004682091	7	1	1	1	1	1	1	1
UPI0004681F7E	7	1	1	1	1	1	1	1
UPI0004681D5E	7	1	1	1	1	1	1	1
UPI0004681BB2	7	1	1	1	1	1	1	1
UPI0004681A55	7	1	1	1	1	1	1	1
UPI0004681997	7	1	1	1	1	1	1	1
UPI000468176C	7	1	1	1	1	1	1	1
UPI00046816EE	7	1	1	1	1	1	1	1
UPI00046816B2	7	1	1	1	1	1	1	1
UPI0004681412	7	1	1	1	1	1	1	1
UPI0004681363	7	1	1	1	1	1	1	1
UPI000468132B	7	1	1	1	1	1	1	1
UPI00046811A3	7	1	1	1	1	1	1	1
UPI0004681129	7	1	1	1	1	1	1	1
UPI0004680D62	7	1	1	1	1	1	1	1
UPI0004680D50	7	1	1	1	1	1	1	1
UPI0004680CD0	7	1	1	1	1	1	1	1
UPI0004680C54	7	1	1	1	1	1	1	1
UPI0004680BDA	7	1	1	1	1	1	1	1
UPI0004680A4C	7	1	1	1	1	1	1	1
UPI000468097E	7	1	1	1	1	1	1	1
UPI00046806E3	7	1	1	1	1	1	1	1
UPI00046805F8	7	1	1	1	1	1	1	1
UPI000468051A	7	1	1	1	1	1	1	1
UPI0004680514	7	1	1	1	1	1	1	1
UPI000468045E	7	1	1	1	1	1	1	1
UPI0004680315	7	1	1	1	1	1	1	1
UPI00046802FF	7	1	1	1	1	1	1	1
UPI0004680144	7	1	1	1	1	1	1	1
UPI000468007E	7	1	1	1	1	1	1	1
UPI0004680039	7	1	1	1	1	1	1	1
UPI000467FF2A	7	1	1	1	1	1	1	1
UPI000467FB9B	7	1	1	1	1	1	1	1
UPI000467FB70	7	1	1	1	1	1	1	1
UPI000467FABB	7	1	1	1	1	1	1	1
UPI000467F94E	7	1	1	1	1	1	1	1
UPI000467F79A	7	1	1	1	1	1	1	1
UPI000467F507	7	1	1	1	1	1	1	1
UPI000467F4A9	7	1	1	1	1	1	1	1
UPI000467F496	7	1	1	1	1	1	1	1
UPI000467F3E8	7	1	1	1	1	1	1	1
UPI000467F1D5	7	1	1	1	1	1	1	1
UPI000467F083	7	1	1	1	1	1	1	1
UPI000467EFEA	7	1	1	1	1	1	1	1
UPI000467EE78	7	1	1	1	1	1	1	1
UPI00032538D0	7	1	1	1	1	1	1	1
UPI000325360E	7	1	1	1	1	1	1	1
UPI00032428DC	7	1	1	1	1	1	1	1
UPI0003217B0B	7	1	1	1	1	1	1	1
UPI0003216FA2	7	1	1	1	1	1	1	1
UPI00031F2B17	7	1	1	1	1	1	1	1
UPI00031D4920	7	1	1	1	1	1	1	1
UPI000319773C	7	1	1	1	1	1	1	1
UPI000317F68F	7	1	1	1	1	1	1	1
UPI00031655A3	7	1	1	1	1	1	1	1
UPI0003154BB8	7	1	1	1	1	1	1	1
UPI00030A9B51	7	1	1	1	1	1	1	1
UPI0003084247	7	1	1	1	1	1	1	1
UPI000307EADF	7	1	1	1	1	1	1	1
UPI0003053B0B	7	1	1	1	1	1	1	1
UPI0003027EE7	7	1	1	1	1	1	1	1
UPI000301F5B9	7	1	1	1	1	1	1	1
UPI0002FF7FD5	7	1	1	1	1	1	1	1
UPI0002FDF5D1	7	1	1	1	1	1	1	1
UPI0002FD1B49	7	1	1	1	1	1	1	1
UPI0002FA6B25	7	1	1	1	1	1	1	1
UPI0002F68022	7	1	1	1	1	1	1	1
UPI0002F30E3B	7	1	1	1	1	1	1	1
UPI0002F2C16B	7	1	1	1	1	1	1	1
UPI0002F1E361	7	1	1	1	1	1	1	1
UPI0002F17C3C	7	1	1	1	1	1	1	1
UPI0002EF5FF8	7	1	1	1	1	1	1	1
UPI0002EF36DC	7	1	1	1	1	1	1	1
UPI0002ECAF50	7	1	1	1	1	1	1	1
UPI0002E9D374	7	1	1	1	1	1	1	1
UPI0002E9D0DA	7	1	1	1	1	1	1	1
UPI0002E4C4CC	7	1	1	1	1	1	1	1
UPI0002E2FCBF	7	1	1	1	1	1	1	1
UPI0002DFE737	7	1	1	1	1	1	1	1
UPI0002DFDA75	7	1	1	1	1	1	1	1
UPI0002DEDD74	7	1	1	1	1	1	1	1
UPI0002DEDCC7	7	1	1	1	1	1	1	1
UPI0002DEAF49	7	1	1	1	1	1	1	1
UPI0002D76E0F	7	1	1	1	1	1	1	1
UPI0002D437DD	7	1	1	1	1	1	1	1
UPI0002D367F6	7	1	1	1	1	1	1	1
UPI0002D2B64C	7	1	1	1	1	1	1	1
UPI00025548EC	7	1	1	1	1	1	1	1
UPI0001F5AE5D	7	1	1	1	1	1	1	1
UPI0001F5AD26	7	1	1	1	1	1	1	1
UPI0001F5AD21	7	1	1	1	1	1	1	1
UPI0001F5AD1D	7	1	1	1	1	1	1	1
UPI0001F5AD1C	7	1	1	1	1	1	1	1
UPI0001F5AD18	7	1	1	1	1	1	1	1
UPI0001F5AD15	7	1	1	1	1	1	1	1
UPI0001F5ABE4	7	1	1	1	1	1	1	1
UPI0001F5AACA	7	1	1	1	1	1	1	1
UPI0001F5AAC2	7	1	1	1	1	1	1	1
UPI0001F5AABA	7	1	1	1	1	1	1	1
UPI0001F5A9B3	7	1	1	1	1	1	1	1
UPI0001F5A89B	7	1	1	1	1	1	1	1
UPI0001F5A876	7	1	1	1	1	1	1	1
UPI0001F5A76B	7	1	1	1	1	1	1	1
UPI0001F5A75B	7	1	1	1	1	1	1	1
UPI0001F5A613	7	1	1	1	1	1	1	1
UPI0001F5A611	7	1	1	1	1	1	1	1
UPI0001F5A60F	7	1	1	1	1	1	1	1
UPI0001F5A60E	7	1	1	1	1	1	1	1
UPI0001F5A60C	7	1	1	1	1	1	1	1
UPI0001F5A60B	7	1	1	1	1	1	1	1
UPI0001F5A603	7	1	1	1	1	1	1	1
UPI0001F5A4CD	7	1	1	1	1	1	1	1
UPI0001F5A4C2	7	1	1	1	1	1	1	1
UPI0001F5A4C1	7	1	1	1	1	1	1	1
UPI0001F5A39C	7	1	1	1	1	1	1	1
UPI0001F5A387	7	1	1	1	1	1	1	1
UPI0001F5A25E	7	1	1	1	1	1	1	1
UPI0001F5A25C	7	1	1	1	1	1	1	1
UPI0001F5A24D	7	1	1	1	1	1	1	1
UPI0001F5A101	7	1	1	1	1	1	1	1
UPI0001F5A100	7	1	1	1	1	1	1	1
UPI0001F5A0FD	7	1	1	1	1	1	1	1
UPI0001F59FB5	7	1	1	1	1	1	1	1
UPI0001F59FAC	7	1	1	1	1	1	1	1
UPI0001F59FA6	7	1	1	1	1	1	1	1
UPI0001F59FA5	7	1	1	1	1	1	1	1
UPI0001F59E75	7	1	1	1	1	1	1	1
UPI0001F59E73	7	1	1	1	1	1	1	1
UPI0001F59E62	7	1	1	1	1	1	1	1
UPI0001F59D05	7	1	1	1	1	1	1	1
UPI0001F59CFC	7	1	1	1	1	1	1	1
UPI0001F59CF3	7	1	1	1	1	1	1	1
UPI0001F59BBF	7	1	1	1	1	1	1	1
UPI0001F59BBD	7	1	1	1	1	1	1	1
UPI0001F59BB9	7	1	1	1	1	1	1	1
UPI0001F59BB8	7	1	1	1	1	1	1	1
UPI0001F59BB5	7	1	1	1	1	1	1	1
UPI0001F59A91	7	1	1	1	1	1	1	1
UPI0001F59A83	7	1	1	1	1	1	1	1
UPI0001596A75	7	1	1	1	1	1	1	1
UPI00015025B4	7	1	1	1	1	1	1	1
UPI000150258A	7	1	1	1	1	1	1	1
UPI0001502566	7	1	1	1	1	1	1	1
UPI0001502565	7	1	1	1	1	1	1	1
UPI0001502543	7	1	1	1	1	1	1	1
UPI000150252B	7	1	1	1	1	1	1	1
UPI0001502519	7	1	1	1	1	1	1	1
UPI0001502517	7	1	1	1	1	1	1	1
UPI00015024F2	7	1	1	1	1	1	1	1
UPI00015024EE	7	1	1	1	1	1	1	1
UPI00015024ED	7	1	1	1	1	1	1	1
UPI00015024EC	7	1	1	1	1	1	1	1
UPI00015024AC	7	1	1	1	1	1	1	1
UPI0001502478	7	1	1	1	1	1	1	1
UPI0001502452	7	1	1	1	1	1	1	1
UPI000150244F	7	1	1	1	1	1	1	1
UPI0001502425	7	1	1	1	1	1	1	1
UPI00014F804F	7	1	1	1	1	1	1	1
UPI0000F0C5A8	7	1	1	1	1	1	1	1
UPI0000F0C59E	7	1	1	1	1	1	1	1
UPI0000F0C596	7	1	1	1	1	1	1	1
UPI0000F0C521	7	1	1	1	1	1	1	1
UPI0000F0C4F0	7	1	1	1	1	1	1	1
UPI0000F0C4EF	7	1	1	1	1	1	1	1
UPI0000F0C4ED	7	1	1	1	1	1	1	1
UPI0000F0C4EC	7	1	1	1	1	1	1	1
UPI0000F0C4E7	7	1	1	1	1	1	1	1
UPI0000F0C4CF	7	1	1	1	1	1	1	1
UPI0000F0C4CA	7	1	1	1	1	1	1	1
UPI0000F0C4B5	7	1	1	1	1	1	1	1
UPI0000F0C4AA	7	1	1	1	1	1	1	1
UPI0000F0C49A	7	1	1	1	1	1	1	1
UPI0000F0C499	7	1	1	1	1	1	1	1
UPI0000F0C48E	7	1	1	1	1	1	1	1
UPI0000F0C456	7	1	1	1	1	1	1	1
UPI0000F0C43A	7	1	1	1	1	1	1	1
UPI0000F0C414	7	1	1	1	1	1	1	1
UPI0000F0C40A	7	1	1	1	1	1	1	1
UPI0000F0C3F4	7	1	1	1	1	1	1	1
UPI0000F0C2C9	7	1	1	1	1	1	1	1
UPI0000F0C2C6	7	1	1	1	1	1	1	1
UPI0000F0C2C5	7	1	1	1	1	1	1	1
UPI0000F0C284	7	1	1	1	1	1	1	1
UPI0000F0C243	7	1	1	1	1	1	1	1
UPI0000F0C1FF	7	1	1	1	1	1	1	1
UPI0000F0C1CD	7	1	1	1	1	1	1	1
UPI0000F0C18F	7	1	1	1	1	1	1	1
UPI0000F0C18D	7	1	1	1	1	1	1	1
UPI0000F0C18C	7	1	1	1	1	1	1	1
UPI0000F0C13B	7	1	1	1	1	1	1	1
UPI0000F0C0FD	7	1	1	1	1	1	1	1
UPI0000F0C0F6	7	1	1	1	1	1	1	1
UPI0000F0BD8C	7	1	1	1	1	1	1	1
UPI0000F0BD5D	7	1	1	1	1	1	1	1
UPI0000F0BD45	7	1	1	1	1	1	1	1
UPI0000F0BD44	7	1	1	1	1	1	1	1
UPI0000F0BD37	7	1	1	1	1	1	1	1
UPI0000F0BD2F	7	1	1	1	1	1	1	1
UPI0000F0BD2D	7	1	1	1	1	1	1	1
UPI0000F0BD2C	7	1	1	1	1	1	1	1
UPI0000F0BC83	7	1	1	1	1	1	1	1
UPI0000F0BBFE	7	1	1	1	1	1	1	1
UPI0000F0BBED	7	1	1	1	1	1	1	1
UPI0000F0BBE3	7	1	1	1	1	1	1	1
UPI0000F0BBE0	7	1	1	1	1	1	1	1
UPI0000F0BBDD	7	1	1	1	1	1	1	1
UPI0000F0BBB4	7	1	1	1	1	1	1	1
UPI0000F0BB90	7	1	1	1	1	1	1	1
UPI0000F0BB88	7	1	1	1	1	1	1	1
UPI0000F0BB79	7	1	1	1	1	1	1	1
UPI0000F0BB69	7	1	1	1	1	1	1	1
UPI0000F0BB2E	7	1	1	1	1	1	1	1
UPI0000F0BB29	7	1	1	1	1	1	1	1
UPI0000F0BB1D	7	1	1	1	1	1	1	1
UPI0000F0BB17	7	1	1	1	1	1	1	1
UPI0000F0BAD6	7	1	1	1	1	1	1	1
UPI0000F0BA75	7	1	1	1	1	1	1	1
UPI0000F0B9D2	7	1	1	1	1	1	1	1
UPI0000F0B9CD	7	1	1	1	1	1	1	1
UPI0000F0B9BE	7	1	1	1	1	1	1	1
UPI0000F0B9B6	7	1	1	1	1	1	1	1
UPI0000F0B9B5	7	1	1	1	1	1	1	1
UPI0000F0B9AC	7	1	1	1	1	1	1	1
UPI0000F0B9A3	7	1	1	1	1	1	1	1
UPI0000F0B9A0	7	1	1	1	1	1	1	1
UPI0000F0B95C	7	1	1	1	1	1	1	1
UPI0000F0B955	7	1	1	1	1	1	1	1
UPI0000F0B94C	7	1	1	1	1	1	1	1
UPI0000F0B94A	7	1	1	1	1	1	1	1
UPI0000F0B944	7	1	1	1	1	1	1	1
UPI0000F0B7A0	7	1	1	1	1	1	1	1
UPI0000F0B798	7	1	1	1	1	1	1	1
UPI0000F0B77C	7	1	1	1	1	1	1	1
UPI0000F0B77A	7	1	1	1	1	1	1	1
UPI0000F0B765	7	1	1	1	1	1	1	1
UPI0000F0B751	7	1	1	1	1	1	1	1
UPI0000F0B5D4	7	1	1	1	1	1	1	1
UPI0000F0B5D3	7	1	1	1	1	1	1	1
UPI0000F0B5CD	7	1	1	1	1	1	1	1
UPI0000F0B5B1	7	1	1	1	1	1	1	1
UPI0000F0B5B0	7	1	1	1	1	1	1	1
UPI0000F0B5AE	7	1	1	1	1	1	1	1
UPI0000F0B5A8	7	1	1	1	1	1	1	1
UPI0000F0B5A2	7	1	1	1	1	1	1	1
UPI0000F0B59F	7	1	1	1	2	1	1	1
UPI0000F0B58F	7	1	1	1	1	1	1	1
UPI0000F0B583	7	1	1	1	1	1	1	1
UPI0000F0B573	7	1	1	1	1	1	1	1
UPI0000F0B568	7	1	1	1	1	1	1	1
UPI0000F0B557	7	1	1	1	1	1	1	1
UPI0000F0B4CB	7	1	1	1	1	1	1	1
UPI0000F0B46E	7	1	1	1	1	1	1	1
UPI0000F0B46A	7	1	1	1	1	1	1	1
UPI0000F0B3FA	7	1	1	1	1	1	1	1
UPI0000F0B3D9	7	1	1	1	1	1	1	1
UPI0000F0B3D6	7	1	1	1	1	1	1	1
UPI0000F0B38A	7	1	1	1	1	1	1	1
UPI0000F0B35F	7	1	1	1	1	1	1	1
UPI0000F0B35E	7	1	1	1	1	1	1	1
UPI0000F0B33F	7	1	1	1	1	1	1	1
UPI0000F0B33B	7	1	1	1	1	1	1	1
UPI0000F0B338	7	1	1	1	1	1	1	1
UPI0000F0B2A7	7	1	1	1	1	1	1	1
UPI0000F0B28B	7	1	1	1	1	1	1	1
UPI0000F0B24F	7	1	1	1	1	1	1	1
UPI0000F0B15B	7	1	1	1	1	1	1	1
UPI0000F0B157	7	1	1	1	1	1	1	1
UPI0000F0B14F	7	1	1	1	1	1	1	1
UPI0000F0B14B	7	1	1	1	1	1	1	1
UPI0000F0B146	7	1	1	1	1	1	1	1
UPI0000F0B143	7	1	1	1	1	1	1	1
UPI0000F0B138	7	1	1	1	1	1	1	1
UPI0000F0B11E	7	1	1	1	1	1	1	1
UPI0000F0B10C	7	1	1	1	1	1	1	1
UPI0000F0B0F2	7	1	1	1	1	1	1	1
UPI0000F0B0C1	7	1	1	1	1	1	1	1
UPI0000F0B0B6	7	1	1	1	1	1	1	1
UPI0000F0B0AC	7	1	1	1	1	1	1	1
UPI0000F0B0A1	7	1	1	1	1	1	1	1
UPI0000F0B0A0	7	1	1	1	1	1	1	1
UPI0000F0B08A	7	1	1	1	1	1	1	1
UPI0000F0B070	7	1	1	1	1	1	1	1
UPI0000F0B036	7	1	1	1	1	1	1	1
UPI0000F0B02A	7	1	1	1	1	1	1	1
UPI0000F0B029	7	1	1	1	1	1	1	1
UPI0000F0B016	7	1	1	1	1	1	1	1
UPI0000F0B015	7	1	1	1	1	1	1	1
UPI0000F0B013	7	1	1	1	1	1	1	1
UPI0000F0B005	7	1	1	1	1	1	1	1
UPI0000F0AFF3	7	1	1	1	1	1	1	1
UPI0000F0AFEE	7	1	1	1	1	1	1	1
UPI0000F0AFEC	7	1	1	1	1	1	1	1
UPI0000F0AFA1	7	1	1	1	1	1	1	1
UPI0000F0AF7A	7	1	1	1	1	1	1	1
UPI0000F0AF62	7	1	1	1	1	1	1	1
UPI0000F0AF5E	7	1	1	1	1	1	1	1
UPI0000F0ACC5	7	1	1	1	1	1	1	1
UPI0000F0ABCB	7	1	1	1	1	1	1	1
UPI0000F0ABC5	7	1	1	1	1	1	1	1
UPI0000F0ABC4	7	1	1	1	1	1	1	1
UPI0000F0AB9D	7	1	1	1	1	1	1	1
UPI0000F0AB99	7	1	1	1	1	1	1	1
UPI0000F0AB8C	7	1	1	1	1	1	1	1
UPI0000F0A996	7	1	1	1	1	1	1	1
UPI0000F0A980	7	1	1	1	1	1	1	1
UPI0000F0A96F	7	1	1	1	1	1	1	1
UPI0000F0A959	7	1	1	1	1	1	1	1
UPI0000F0A904	7	1	1	1	1	1	1	1
UPI0000F0A81C	7	1	1	1	1	1	1	1
UPI0000F0A813	7	1	1	1	1	1	1	1
UPI0000F0A812	7	1	1	1	1	1	1	1
UPI0000F0A804	7	1	1	1	1	1	1	1
UPI0000F0A7F3	7	1	1	1	1	1	1	1
UPI0000F0A7E8	7	1	1	1	1	1	1	1
UPI0000F0A7E1	7	1	1	1	1	1	1	1
UPI0000F0A7C5	7	1	1	1	1	1	1	1
UPI0000F0A756	7	1	1	1	1	2	1	1
UPI0000F0A734	7	1	1	1	1	1	1	1
UPI0000F0A72D	7	1	1	1	1	1	1	1
UPI0000F0A723	7	1	1	1	1	1	1	1
UPI0000F0A71C	7	1	1	1	1	1	1	1
UPI0000F0A6C9	7	1	1	1	1	1	1	1
UPI0000F0A6BC	7	1	1	1	1	1	1	1
UPI0000F0A616	7	1	1	1	1	1	1	1
UPI0000F0A5FE	7	1	1	1	1	1	1	1
UPI0000F0A5F9	7	1	1	1	1	1	1	1
UPI0000ECFB8B	7	1	1	1	1	1	1	1
UPI0000ECFB8A	7	1	1	1	1	1	1	1
UPI0000ECFB80	7	1	1	1	1	1	1	1
UPI0000ECFB7F	7	1	1	1	1	1	1	1
UPI0000ECFB7B	7	1	1	1	1	1	1	1
UPI0000ECFB74	7	1	1	1	1	1	1	1
UPI0000ECFB73	7	1	1	1	1	1	1	1
UPI0000ECFB6D	7	1	1	1	1	1	1	1
UPI0000ECFB6A	7	1	1	1	1	1	1	1
UPI0000ECFB66	7	1	1	1	1	1	1	1
UPI0000ECFB5D	7	1	1	1	1	1	1	1
UPI0000ECFB59	7	1	1	1	1	1	1	1
UPI0000ECFB47	7	1	1	1	1	1	1	1
UPI0000ECFB46	7	1	1	1	1	1	1	1
UPI0000ECFB45	7	1	1	1	1	1	1	1
UPI0000ECFB44	7	1	1	1	1	1	1	1
UPI0000ECFB3F	7	1	1	1	1	1	1	1
UPI0000ECFB3E	7	1	1	1	1	1	1	1
UPI0000ECFB3D	7	1	1	1	1	1	1	1
UPI0000ECFB3C	7	1	1	1	1	1	1	1
UPI0000ECFB3A	7	1	1	1	1	1	1	1
UPI0000ECFB2B	7	1	1	1	1	1	1	1
UPI0000ECFB21	7	1	1	1	1	1	1	1
UPI0000ECFB20	7	1	1	1	1	1	1	1
UPI0000ECFB1F	7	1	1	1	1	1	1	1
UPI0000ECFB1E	7	1	1	1	1	1	1	1
UPI0000ECFB1A	7	1	1	1	1	1	1	1
UPI0000ECFB16	7	1	1	1	1	1	1	1
UPI0000ECFB14	7	1	1	1	1	1	1	1
UPI0000ECFB13	7	1	1	1	1	1	1	1
UPI0000ECFB06	7	1	1	1	1	1	1	1
UPI0000ECFB00	7	1	1	1	1	1	1	1
UPI0000ECFAF3	7	1	1	1	1	1	1	1
UPI0000ECFAF0	7	1	1	1	1	1	1	1
UPI0000ECFAE6	7	1	1	1	1	1	1	1
UPI0000ECFAE3	7	1	1	1	1	1	1	1
UPI0000ECFADC	7	1	1	1	1	1	1	1
UPI0000ECFAD7	7	1	1	1	1	1	1	1
UPI0000ECFAD5	7	1	1	1	1	1	1	1
UPI0000ECFAD4	7	1	1	1	1	1	1	1
UPI0000ECFAD3	7	1	1	1	1	1	1	1
UPI0000ECFACA	7	1	1	1	1	1	1	1
UPI0000ECFAC6	7	1	1	1	1	1	1	1
UPI0000ECFAC3	7	1	1	1	1	1	1	1
UPI0000ECFAC1	7	1	1	1	1	1	1	1
UPI0000ECFABF	7	1	1	1	1	1	1	1
UPI0000ECFABC	7	1	1	1	1	1	1	1
UPI0000ECFABB	7	1	1	1	1	1	1	1
UPI0000ECFAB9	7	1	1	1	1	1	1	1
UPI0000ECFAB8	7	1	1	1	1	1	1	1
UPI0000ECFAB7	7	1	1	1	1	1	1	1
UPI0000ECFAB6	7	1	1	1	1	1	1	1
UPI0000ECFAA8	7	1	1	1	1	1	1	1
UPI0000ECFAA3	7	1	1	1	1	1	1	1
UPI0000ECFAA2	7	1	1	1	1	1	1	1
UPI0000ECFAA0	7	1	1	1	1	1	1	1
UPI0000ECEAD3	7	1	1	1	1	1	1	1
UPI0000ECEAD2	7	1	1	1	1	1	1	1
UPI00005FDF56	7	1	1	1	1	1	1	1
UPI00005FDF55	7	1	1	1	1	1	1	1
UPI00005FDF34	7	1	1	1	1	1	1	1
UPI00005FDEE2	7	1	1	1	1	1	1	1
UPI00005FDEE1	7	1	1	1	1	1	1	1
UPI00005FDEDD	7	1	1	1	1	1	1	1
UPI00005FDED8	7	1	1	1	1	1	1	1
UPI00005FDEBB	7	1	1	1	1	1	1	1
UPI00005FDEB2	7	1	1	1	1	1	1	1
UPI00005FDEB1	7	1	1	1	1	1	1	1
UPI00005FDEB0	7	1	1	1	1	1	1	1
UPI00005FDEAE	7	1	1	1	1	1	1	1
UPI00005FDEAC	7	1	1	1	1	1	1	1
UPI00005FDEA5	7	1	1	1	1	1	1	1
UPI00005FDE90	7	1	1	1	1	1	1	1
UPI00005FDE88	7	1	1	1	1	1	1	1
UPI00005FDE86	7	1	1	1	1	1	1	1
UPI00005FDDE1	7	1	1	1	1	1	1	1
UPI00005FDD94	7	1	1	1	1	1	1	1
UPI00005FDD91	7	1	1	1	1	1	1	1
UPI00005FDD87	7	1	1	1	1	1	1	1
UPI00005FDC7F	7	1	1	1	1	1	1	1
UPI00005FDC75	7	1	1	1	1	1	1	1
UPI00005FDC74	7	1	1	1	1	1	1	1
UPI00005FDC72	7	1	1	1	1	1	1	1
UPI00005FDC70	7	1	1	1	1	1	1	1
UPI00005FDC0B	7	1	1	1	1	1	1	1
UPI00005FDC09	7	1	1	1	1	1	1	1
UPI00005FDC07	7	1	1	1	1	1	1	1
UPI00005FDC06	7	1	1	1	1	1	1	1
UPI00005FDC01	7	1	1	1	1	1	1	1
UPI00005FDBF8	7	1	1	1	1	1	1	1
UPI00005FDBF4	7	1	1	1	1	1	1	1
UPI00005FDBF2	7	1	1	1	1	1	1	1
UPI00005FDBF0	7	1	1	1	1	1	1	1
UPI00005FDBE8	7	1	1	1	1	1	1	1
UPI00005FDBE2	7	1	1	1	1	1	1	1
UPI00005FDBD9	7	1	1	1	1	1	1	1
UPI00005FDB27	7	1	1	1	1	1	1	1
UPI00005FDB1B	7	1	1	1	1	1	1	1
UPI00005FDB19	7	1	1	1	1	1	1	1
UPI00005FDB0D	7	1	1	1	1	1	1	1
UPI00005FDAEA	7	1	1	1	2	1	1	1
UPI00005FDADD	7	1	1	1	1	1	1	1
UPI00005FDADC	7	1	1	1	1	1	1	1
UPI00005FDA89	7	1	1	1	1	1	1	1
UPI00005FDA4E	7	1	1	1	1	1	1	1
UPI00005FDA4C	7	1	1	1	1	1	1	1
UPI00005FDA45	7	1	1	1	1	1	1	1
UPI00005FDA3F	7	1	1	1	1	1	1	1
UPI00005FD9DE	7	1	1	1	1	1	1	1
UPI00005FD9CC	7	1	1	1	1	1	1	1
UPI00005FD9CA	7	1	1	1	1	1	1	1
UPI00005FD9C8	7	1	1	1	2	1	1	1
UPI00005FD9C5	7	1	1	1	1	1	1	1
UPI00005FD9BD	7	1	1	1	1	1	1	1
UPI00005FD9B8	7	1	1	1	1	1	1	1
UPI00005FD9B6	7	1	1	1	1	1	1	1
UPI00005FD9B3	7	1	1	1	1	1	1	1
UPI00005FD9B2	7	1	1	1	1	1	1	1
UPI00005FD8E6	7	1	1	1	1	1	1	1
UPI00005FD897	7	1	1	1	1	1	1	1
UPI00005FD890	7	1	1	1	1	1	1	1
UPI00005FD88B	7	1	1	1	1	1	1	1
UPI00005FD6BD	7	1	1	1	1	1	1	1
UPI00005FD6B5	7	1	1	1	1	1	1	1
UPI00005FD6B4	7	1	1	1	1	1	1	1
UPI00005FD6B3	7	1	1	1	1	1	1	1
UPI00005FD651	7	1	1	1	1	1	1	1
UPI00005FD53F	7	1	1	1	1	1	1	1
UPI00005FD4CB	7	1	1	1	1	1	1	1
UPI00005FD35D	7	1	1	1	1	1	1	1
UPI00005FD354	7	1	1	1	1	1	1	1
UPI00005FD352	7	1	1	1	1	1	1	1
UPI00005FD351	7	1	1	1	1	1	1	1
UPI00005FD350	7	1	1	1	1	1	1	1
UPI00005FD345	7	1	1	1	1	1	1	1
UPI00005FD252	7	1	1	1	1	1	1	1
UPI00005FD207	7	1	1	1	1	1	1	1
UPI00005FD204	7	1	1	1	1	1	1	1
UPI00005FD200	7	1	1	1	1	1	1	1
UPI00005FD1DF	7	1	1	1	1	1	1	1
UPI00005FD1DE	7	1	1	1	1	1	1	1
UPI00005FD16E	7	1	1	1	1	1	1	1
UPI00005FD161	7	1	1	1	1	1	1	1
UPI00005FD159	7	1	1	1	1	1	1	1
UPI00005FD10F	7	1	1	1	1	1	1	1
UPI00005FD10C	7	1	1	1	1	1	1	1
UPI00005FD105	7	1	1	1	1	1	1	1
UPI00005FD104	7	1	1	1	1	1	1	1
UPI00005FD0DC	7	1	1	1	1	1	1	1
UPI00005FD0DB	7	1	1	1	1	1	1	1
UPI00005FD0DA	7	1	1	1	1	1	1	1
UPI00005FD0BF	7	1	1	1	1	1	1	1
UPI00005FD0BA	7	1	1	1	1	1	1	1
UPI00005FD0B1	7	1	1	1	1	1	1	1
UPI00005FD0A8	7	1	1	1	1	1	1	1
UPI00005FD0A3	7	1	1	1	1	1	1	1
UPI00005FD09C	7	1	1	1	1	1	1	1
UPI00005FD099	7	1	1	1	1	1	1	1
UPI00005FD097	7	1	1	1	1	1	1	1
UPI00005FD092	7	1	1	1	1	1	1	1
UPI00005FD08C	7	1	1	1	1	1	1	1
UPI00005FD084	7	1	1	1	1	1	1	1
UPI00005FCEE4	7	1	1	1	1	1	1	1
UPI00005FCEE3	7	1	1	1	1	1	1	1
UPI00005FCEDC	7	1	1	1	1	1	1	1
UPI00005FCEDB	7	1	1	1	1	1	1	1
UPI00005FCECF	7	1	1	1	1	1	1	1
UPI00005FCECD	7	1	1	1	1	1	1	1
UPI00005FCECC	7	1	1	1	1	1	1	1
UPI00005FCEC9	7	1	1	1	1	1	1	1
UPI00005FCE38	7	1	1	1	1	1	1	1
UPI00005FCE37	7	1	1	1	1	1	1	1
UPI00005FCE36	7	1	1	1	1	1	1	1
UPI00005FCE35	7	1	1	1	1	1	1	1
UPI00005FCDBB	7	1	1	1	1	1	1	1
UPI00005FCDBA	7	1	1	1	1	1	1	1
UPI00005FCDB9	7	1	1	1	1	1	1	1
UPI00005FCDB8	7	1	1	1	1	1	1	1
UPI00005FCD92	7	1	1	1	1	1	1	1
UPI00005FCD8B	7	1	1	1	1	1	1	1
UPI00005FCD84	7	1	1	1	1	1	1	1
UPI00005FCD83	7	1	1	1	1	1	1	1
UPI00005FCD82	7	1	1	1	1	1	1	1
UPI00005FCD6B	7	1	1	1	1	1	1	1
UPI00005FCBCB	7	1	1	1	1	1	1	1
UPI00005FCAF0	7	1	1	1	1	1	1	1
UPI00005FCAE4	7	1	1	1	1	1	1	1
UPI00005FCAE2	7	1	1	1	1	1	1	1
UPI00005FCADA	7	1	1	1	1	1	1	1
UPI00005FCAD8	7	1	1	1	1	1	1	1
UPI00005FCAD6	7	1	1	1	1	1	1	1
UPI00005FCAD4	7	1	1	1	1	1	1	1
UPI00005FCAB1	7	1	1	1	1	1	1	1
UPI00005FCAAF	7	1	1	1	1	1	1	1
UPI00005FCAAD	7	1	1	1	1	1	1	1
UPI00005FCA9E	7	1	1	1	1	1	1	1
UPI00005FC9F1	7	1	1	1	1	1	1	1
UPI00005FC9EE	7	1	1	1	1	1	1	1
UPI00005FC9E3	7	1	1	1	1	1	1	1
UPI00005FC9DC	7	1	1	1	1	1	1	1
UPI00005FC9D7	7	1	1	1	1	1	1	1
UPI00005FC9C8	7	1	1	1	1	1	1	1
UPI00005FC9C7	7	1	1	1	1	1	1	1
UPI00005FC9C6	7	1	1	1	1	1	1	1
UPI00005FC9C4	7	1	1	1	1	1	1	1
UPI00005FC9BF	7	1	1	1	1	1	1	1
UPI00005FC949	7	1	1	1	1	1	1	1
UPI00005FC947	7	1	1	1	1	1	1	1
UPI00005FC946	7	1	1	1	1	1	1	1
UPI00005FC92F	7	1	1	1	1	1	1	1
UPI00005FC927	7	1	1	1	1	1	1	1
UPI00005FC91D	7	1	1	1	1	1	1	1
UPI00005FC918	7	1	1	1	1	1	1	1
UPI00005FC910	7	1	1	1	1	1	1	1
UPI00005FC90D	7	1	1	1	1	1	1	1
UPI00005FC89E	7	1	1	1	1	1	1	1
UPI00005FC833	7	1	1	1	1	1	1	1
UPI00005FC82E	7	1	1	1	1	1	1	1
UPI00005FC829	7	1	1	1	1	1	1	1
UPI00005FC736	7	1	1	1	1	1	1	1
UPI00005FC735	7	1	1	1	1	1	1	1
UPI00005FC734	7	1	1	1	1	1	1	1
UPI00005FC730	7	1	1	1	1	1	1	1
UPI00005FC72D	7	1	1	1	1	1	1	1
UPI00005FC72C	7	1	1	1	1	1	1	1
UPI00005FC727	7	1	1	1	1	1	1	1
UPI00005FC722	7	1	1	1	1	1	1	1
UPI00005FC71B	7	1	1	1	1	1	1	1
UPI00005FC719	7	1	1	1	1	1	1	1
UPI00005FC70F	7	1	1	1	1	1	1	1
UPI00005FC709	7	1	1	1	1	1	1	1
UPI00005FC6F8	7	1	1	1	1	1	1	1
UPI00005FC690	7	1	1	1	1	1	1	1
UPI00005FC68F	7	1	1	1	1	1	1	1
UPI00005FC68E	7	1	1	1	1	1	1	1
UPI00005FC68A	7	1	1	1	1	1	1	1
UPI00005FC686	7	1	1	1	1	1	1	1
UPI00005FC67E	7	1	1	1	1	1	1	1
UPI00005FC679	7	1	1	1	1	1	1	1
UPI00005FC5E1	7	1	1	1	1	1	1	1
UPI00005FC5C5	7	1	1	1	1	1	1	1
UPI00005FC5B6	7	1	1	1	1	1	1	1
UPI00005FC4D1	7	1	1	1	1	1	1	1
UPI00005FC4D0	7	1	1	1	1	1	1	1
UPI00005FC4CF	7	1	1	1	1	1	1	1
UPI00005FC4CE	7	1	1	1	1	1	1	1
UPI00005FC4CB	7	1	1	1	1	1	1	1
UPI00005FC4CA	7	1	1	1	1	1	1	1
UPI00005FC4C9	7	1	1	1	1	1	1	1
UPI00005FC4C8	7	1	1	1	1	1	1	1
UPI00005FC4C6	7	1	1	1	1	1	1	1
UPI00005FC47B	7	1	1	1	1	1	1	1
UPI00005FC46A	7	1	1	1	1	1	1	1
UPI00005FC453	7	1	1	1	1	1	1	1
UPI00005FC210	7	1	1	1	1	1	1	1
UPI00005FC206	7	1	1	1	1	1	1	1
UPI00005FC201	7	1	1	1	1	1	1	1
UPI00005FC200	7	1	1	1	1	1	1	1
UPI00005FC1FA	7	1	1	1	1	1	1	1
UPI00005FC1F6	7	1	1	1	1	1	1	1
UPI00005FC1E5	7	1	1	1	1	1	1	1
UPI00005FBFBB	7	1	1	1	1	1	1	1
UPI00005FBFAA	7	1	1	1	1	1	1	1
UPI00005FBFA1	7	1	1	1	1	1	1	1
UPI00005FBF98	7	1	1	1	1	1	1	1
UPI00005FBF8D	7	1	1	1	1	1	1	1
UPI00005FBF75	7	1	1	1	1	1	1	1
UPI00005FBF74	7	1	1	1	1	1	1	1
UPI00005FBF16	7	1	1	1	1	1	1	1
UPI00005FBEC9	7	1	1	1	1	1	1	1
UPI00005FBEC7	7	1	1	1	1	1	1	1
UPI00005FBE4F	7	1	1	1	1	1	1	1
UPI00005FBE4C	7	1	1	1	1	1	1	1
UPI00005FBDBF	7	1	1	1	1	1	1	1
UPI00005FBDB1	7	1	1	1	1	1	1	1
UPI00005FBDB0	7	1	1	1	1	1	1	1
UPI00005FBDAC	7	1	1	1	1	1	1	1
UPI00005FBDAB	7	1	1	1	1	1	1	1
UPI00005FBDA0	7	1	1	1	1	1	1	1
UPI00005FBD2E	7	1	1	1	1	1	1	1
UPI00005FBD1B	7	1	1	1	1	1	1	1
UPI00005FBD11	7	1	1	1	1	1	1	1
UPI00005FBCBA	7	1	1	1	1	1	1	1
UPI00005FBCB6	7	1	1	1	1	1	1	1
UPI00005FBCB4	7	1	1	1	1	1	1	1
UPI00005FBCB2	7	1	1	1	1	1	1	1
UPI00005FBCB1	7	1	1	1	1	1	1	1
UPI00005FBC3F	7	1	1	1	1	1	1	1
UPI00005FBC3C	7	1	1	1	1	1	1	1
UPI00005FBC3A	7	1	1	1	1	1	1	1
UPI00005FBC28	7	1	1	1	1	1	1	1
UPI00005FBA71	7	1	1	1	1	1	1	1
UPI00005FBA2B	7	1	1	1	1	1	1	1
UPI00005FB98E	7	1	1	1	1	1	1	1
UPI00005FB985	7	1	1	1	1	1	1	1
UPI00005FB952	7	1	1	1	1	1	1	1
UPI00005FB950	7	1	1	1	1	1	1	1
UPI00005FB94B	7	1	1	1	1	1	1	1
UPI00005FB94A	7	1	1	1	1	1	1	1
UPI00005FB948	7	1	1	1	1	1	1	1
UPI00005FB947	7	1	1	1	1	1	1	1
UPI00005FB946	7	1	1	1	1	1	1	1
UPI00005FB945	7	1	1	1	1	1	1	1
UPI00005FB944	7	1	1	1	1	1	1	1
UPI00005FB8DB	7	1	1	1	1	1	1	1
UPI00005FB8D9	7	1	1	1	1	1	1	1
UPI00005FB8D3	7	1	1	1	1	1	1	1
UPI00005FB8D2	7	1	1	1	1	1	1	1
UPI00005FB8CE	7	1	1	1	1	1	1	1
UPI00005FB8CB	7	1	1	1	1	1	1	1
UPI00005FB8C0	7	1	1	1	1	1	1	1
UPI00005FB8BE	7	1	1	1	1	1	1	1
UPI00005FB8BC	7	1	1	1	1	1	1	1
UPI00005FB61A	7	1	1	1	1	1	1	1
UPI00005FB618	7	1	1	1	1	1	1	1
UPI00005FB51F	7	1	1	1	1	1	1	1
UPI00005FB51E	7	1	1	1	1	1	1	1
UPI00005FB51C	7	1	1	1	1	1	1	1
UPI00005FB51A	7	1	1	1	1	1	1	1
UPI00005FB515	7	1	1	1	1	1	1	1
UPI00005FB4B0	7	1	1	1	1	1	1	1
UPI00005FB4A8	7	1	1	1	1	1	1	1
UPI00005FB4A5	7	1	1	1	1	1	1	1
UPI00005FB49A	7	1	1	1	1	1	1	1
UPI00005FB499	7	1	1	1	1	1	1	1
UPI00005FB496	7	1	1	1	1	1	1	1
UPI00005FB495	7	1	1	1	1	1	1	1
UPI00005FB494	7	1	1	1	1	1	1	1
UPI00005FB47F	7	1	1	1	1	1	1	1
UPI00005FB479	7	1	1	1	1	1	1	1
UPI00005FB431	7	1	1	1	1	1	1	1
UPI00005FB42F	7	1	1	1	1	1	1	1
UPI00005FB42C	7	1	1	1	1	1	1	1
UPI00005FB42B	7	1	1	1	1	1	1	1
UPI00005FB42A	7	1	1	1	1	1	1	1
UPI00005FB389	7	1	1	1	1	1	1	1
UPI00005FB382	7	1	1	1	1	1	1	1
UPI00005FB339	7	1	1	1	1	1	1	1
UPI00005FB336	7	1	1	1	1	1	1	1
UPI00005FB331	7	1	1	1	1	1	1	1
UPI00005FB32B	7	1	1	1	1	1	1	1
UPI00005FB321	7	1	1	1	1	1	1	1
UPI00005FB31C	7	1	1	1	1	1	1	1
UPI00005FB319	7	1	1	1	1	1	1	1
UPI00005FB315	7	1	1	1	1	1	1	1
UPI00005FB301	7	1	1	1	1	1	1	1
UPI00005FB300	7	1	1	1	1	1	1	1
UPI00005FB2FC	7	1	1	1	1	1	1	1
UPI00005FB2FA	7	1	1	1	1	1	1	1
UPI00005FB2F9	7	1	1	1	1	1	1	1
UPI00005FB2EE	7	1	1	1	1	1	1	1
UPI00005FB2ED	7	1	1	1	1	1	1	1
UPI00005FB2EC	7	1	1	1	1	1	1	1
UPI00005FB2EA	7	1	1	1	1	1	1	1
UPI00005FB2E9	7	1	1	1	1	1	1	1
UPI00005FB2E7	7	1	1	1	1	1	1	1
UPI00005FB2E6	7	1	1	1	1	1	1	1
UPI00005FB2E5	7	1	1	1	1	1	1	1
UPI00005FB2E4	7	1	1	1	2	1	1	1
UPI00005FB2E3	7	1	1	1	1	1	1	1
UPI00005FB2E1	7	1	1	1	1	1	1	1
UPI00005FB2E0	7	1	1	1	1	1	1	1
UPI00005FB2DE	7	1	1	1	1	1	1	1
UPI00005FB2DC	7	1	1	1	1	1	1	1
UPI00005FB175	7	1	1	1	1	1	1	1
UPI00005FB174	7	1	1	1	1	1	1	1
UPI00005FB16C	7	1	1	1	1	1	1	1
UPI00005FB169	7	1	1	1	1	1	1	1
UPI00005FB15B	7	1	1	1	1	1	1	1
UPI00005FB157	7	1	1	1	1	1	1	1
UPI00005FB149	7	1	1	1	1	1	1	1
UPI00005FB148	7	1	1	1	1	1	1	1
UPI00005FB12E	7	1	1	1	1	1	1	1
UPI00005DD9C3	7	1	1	1	1	1	1	1
UPI00005D151E	7	1	1	1	1	1	1	1
UPI00005D14F0	7	1	1	1	1	1	1	1
UPI00005D14EA	7	1	1	1	1	1	1	1
UPI00005D14E5	7	1	1	1	1	1	1	1
UPI00005D14E0	7	1	1	1	1	1	1	1
UPI00005D14DD	7	1	1	1	1	1	1	1
UPI00005D14D9	7	1	1	1	1	1	1	1
UPI00005D14CE	7	1	1	1	1	1	1	1
UPI00005D14B4	7	1	1	1	1	1	1	1
UPI00005D14AC	7	1	1	1	1	1	1	1
UPI00005D14AB	7	1	1	1	1	1	1	1
UPI00005D14A7	7	1	1	1	1	1	1	1
UPI00005D14A6	7	1	1	1	1	1	1	1
UPI00005D14A3	7	1	1	1	1	1	1	1
UPI00005D14A1	7	1	1	1	1	1	1	1
UPI00005D149B	7	1	1	1	1	1	1	1
UPI00005D1494	7	1	1	1	1	1	1	1
UPI00005D1491	7	1	1	1	1	1	1	1
UPI00005D148F	7	1	1	1	1	1	1	1
UPI00005D148E	7	1	1	1	1	1	1	1
UPI00005D148D	7	1	1	1	1	1	1	1
UPI00005D1488	7	1	1	1	1	1	1	1
UPI00005D1474	7	1	1	1	1	1	1	1
UPI00005D146C	7	1	1	1	1	1	1	1
UPI00005D1467	7	1	1	1	1	1	1	1
UPI00005D1461	7	1	1	1	1	1	1	1
UPI00005D145F	7	1	1	1	1	1	1	1
UPI00005D145D	7	1	1	1	1	1	1	1
UPI00005D1457	7	1	1	1	1	1	1	1
UPI00005D1456	7	1	1	1	1	1	1	1
UPI00005D144B	7	1	1	1	1	1	1	1
UPI00005D1447	7	1	1	1	1	1	1	1
UPI00005D1440	7	1	1	1	1	1	1	1
UPI00005D142B	7	1	1	1	1	1	1	1
UPI00005D1422	7	1	1	1	1	1	1	1
UPI00005D1420	7	1	1	1	1	1	1	1
UPI00005D1415	7	1	1	1	1	1	1	1
UPI00005D1413	7	1	1	1	1	1	1	1
UPI00005D140D	7	1	1	1	1	1	1	1
UPI00005D1409	7	1	1	1	1	1	1	1
UPI00005D1408	7	1	1	1	1	1	1	1
UPI00005D1406	7	1	1	1	1	1	1	1
UPI00005D13F8	7	1	1	1	1	1	1	1
UPI00005D13F6	7	1	1	1	1	1	1	1
UPI00005D13E8	7	2	1	2	2	2	2	2
UPI00005D13E7	7	1	1	1	1	1	1	1
UPI00005D13D7	7	1	1	1	1	1	1	1
UPI00005D13C8	7	1	1	1	1	1	1	1
UPI00005D13B0	7	1	1	1	1	1	1	1
UPI00005D13AE	7	1	1	1	1	1	1	1
UPI00005D13A8	7	1	1	1	1	1	1	1
UPI00005D13A7	7	1	1	1	1	1	1	1
UPI00005D1396	7	1	1	1	1	1	1	1
UPI00005D131D	7	1	1	1	1	1	1	1
UPI00005D131A	7	1	1	1	1	1	1	1
UPI00005D130E	7	1	1	1	1	1	1	1
UPI00005D130A	7	1	1	1	1	1	1	1
UPI00005D1304	7	1	1	1	1	1	1	1
UPI00005D12FD	7	1	1	1	1	1	1	1
UPI00005D12F9	7	1	1	1	1	1	1	1
UPI00005D12F3	7	1	1	1	1	1	1	1
UPI00005D12F0	7	1	1	1	1	1	1	1
UPI00005D12EE	7	1	1	1	1	1	1	1
UPI00005D12E6	7	1	1	1	1	1	1	1
UPI00005D12E5	7	1	1	1	1	1	1	1
UPI00005D12E4	7	1	1	1	1	1	1	1
UPI00005D12E3	7	1	1	1	1	1	1	1
UPI00005D12DB	7	1	1	1	1	1	1	1
UPI00005D12D1	7	1	1	1	1	1	1	1
UPI00005D12CB	7	1	1	1	1	1	1	1
UPI00005D12C4	7	1	1	1	1	1	1	1
UPI00005D12BC	7	1	1	1	1	1	1	1
UPI00005D12BB	7	1	1	1	1	1	1	1
UPI00005D12AF	7	1	1	1	1	1	1	1
UPI00005D129E	7	1	1	1	1	1	1	1
UPI00005D128C	7	1	1	1	1	1	1	1
UPI00005D127C	7	1	1	1	1	1	1	1
UPI00005D1274	7	1	1	1	1	1	1	1
UPI00005D1270	7	1	1	1	1	1	1	1
UPI00005D126E	7	1	1	1	1	1	1	1
UPI00005D126B	7	1	1	1	1	1	1	1
UPI00005D125D	7	1	1	1	1	1	1	1
UPI00005D1257	7	1	1	1	1	1	1	1
UPI00005D1246	7	1	1	1	1	1	1	1
UPI00005D1242	7	1	1	1	1	1	1	1
UPI00005D123D	7	1	1	1	1	1	1	1
UPI00005D1233	7	1	1	1	1	1	1	1
UPI00005D122E	7	1	1	1	1	1	1	1
UPI00005D1229	7	1	1	1	1	1	1	1
UPI00005D1227	7	1	1	1	1	1	1	1
UPI00005D1214	7	1	1	1	1	1	1	1
UPI00005D120E	7	1	1	1	1	1	1	1
UPI00005D120A	7	1	1	1	1	1	1	1
UPI00005D1208	7	1	1	1	1	1	1	1
UPI00005D1203	7	1	1	1	1	1	1	1
UPI00005D1200	7	1	1	1	1	1	1	1
UPI00005D11FE	7	1	1	1	1	1	1	1
UPI00005D11FD	7	1	1	1	1	1	1	1
UPI00005D11F7	7	1	1	1	1	1	1	1
UPI00005D11F6	7	1	1	1	1	1	1	1
UPI00005D11F5	7	1	1	1	1	1	1	1
UPI00005D11F4	7	1	1	1	1	1	1	1
UPI00005D11F3	7	1	1	1	1	1	1	1
UPI00005D11F0	7	1	1	1	1	1	1	1
UPI00005D11E8	7	1	1	1	1	1	1	1
UPI00005D11E7	7	1	1	1	1	1	1	1
UPI00005D11E4	7	1	1	1	1	1	1	1
UPI00005D11E3	7	1	1	1	1	1	1	1
UPI00005D11E1	7	1	1	1	1	1	1	1
UPI00005D11DF	7	1	1	1	1	1	1	1
UPI00005D11DA	7	1	1	1	1	1	1	1
UPI00005D11D8	7	1	1	1	1	1	1	1
UPI00005D11C8	7	1	1	1	1	1	1	1
UPI00005D11C2	7	1	1	1	1	1	1	1
UPI00005D11BE	7	1	1	1	1	1	1	1
UPI00005D11B7	7	1	1	1	1	1	1	1
UPI00005D11B3	7	1	1	1	1	1	1	1
UPI00005D11AD	7	1	1	1	1	1	1	1
UPI00005D11A9	7	1	1	1	1	1	1	1
UPI00005D1147	7	1	1	1	1	1	1	1
UPI00005D113E	7	1	1	1	1	1	1	1
UPI00005D1132	7	1	1	1	1	1	1	1
UPI00005D112E	7	1	1	1	1	1	1	1
UPI00005D112B	7	1	1	1	1	1	1	1
UPI00005D110B	7	1	1	1	1	1	1	1
UPI00005D1104	7	1	1	1	1	1	1	1
UPI00005D1101	7	1	1	1	1	1	1	1
UPI00005D10FB	7	1	1	1	1	1	1	1
UPI00005D10FA	7	1	1	1	1	1	1	1
UPI00005D10F7	7	1	1	1	1	1	1	1
UPI00005D10F0	7	1	1	1	1	1	1	1
UPI00005D10EF	7	1	1	1	1	1	1	1
UPI00005D10E5	7	1	1	1	1	1	1	1
UPI00005D10E2	7	1	1	1	1	1	1	1
UPI00005D10E1	7	1	1	1	1	1	1	1
UPI00005D10D9	7	1	1	1	1	1	1	1
UPI00005D10D7	7	1	1	1	1	1	1	1
UPI00005D10D4	7	1	1	1	1	1	1	1
UPI00005D10C5	7	1	1	1	1	1	1	1
UPI00005D10C2	7	1	1	1	1	1	1	1
UPI00005D10BC	7	1	1	1	1	1	1	1
UPI00005D10BB	7	1	1	1	1	1	1	1
UPI00005D10B3	7	1	1	1	1	1	1	1
UPI00005D10A9	7	1	1	1	1	1	1	1
UPI00005D10A4	7	1	1	1	1	1	1	1
UPI00005D10A0	7	1	1	1	1	1	1	1
UPI00005D1089	7	1	1	1	1	1	1	1
UPI00005D1088	7	1	1	1	1	1	1	1
UPI00005D1086	7	1	1	1	1	1	1	1
UPI00005D1081	7	1	1	1	1	1	1	1
UPI00005D107D	7	1	1	1	1	1	1	1
UPI00005D107B	7	1	1	1	1	1	1	1
UPI00005D1077	7	1	1	1	1	1	1	1
UPI00005D1076	7	1	1	1	1	1	1	1
UPI00005D1075	7	1	1	1	1	1	1	1
UPI00005D1071	7	1	1	1	1	1	1	1
UPI00005D1070	7	1	1	1	1	1	1	1
UPI00005D1067	7	1	1	1	1	1	1	1
UPI00005D1065	7	1	1	1	1	1	1	1
UPI00005D1062	7	1	1	1	1	1	1	1
UPI00005D105E	7	1	1	1	1	1	1	1
UPI00005D105B	7	1	1	1	1	1	1	1
UPI00005D1045	7	1	1	1	1	1	1	1
UPI00005D1043	7	1	1	1	1	1	1	1
UPI00005D1042	7	1	1	1	1	1	1	1
UPI00005D103C	7	1	1	1	1	1	1	1
UPI00005D1036	7	1	1	1	1	1	1	1
UPI00005D1034	7	1	1	1	1	1	1	1
UPI00005D1033	7	1	1	1	1	1	1	1
UPI00005D1030	7	1	1	1	1	1	1	1
UPI00005D102D	7	1	1	1	1	1	1	1
UPI00005D1027	7	1	1	1	1	1	1	1
UPI00005D1026	7	1	1	1	1	1	1	1
UPI00005D1024	7	1	1	1	1	1	1	1
UPI00005D1005	7	1	1	1	1	1	1	1
UPI00005D1000	7	1	1	1	1	1	1	1
UPI00005D0FF4	7	1	1	1	1	1	1	1
UPI00005D0FEE	7	1	1	1	1	1	1	1
UPI00005D0FDF	7	1	1	1	1	1	1	1
UPI00005D0FDD	7	1	1	1	1	1	1	1
UPI00005D0FD5	7	1	1	1	1	1	1	1
UPI00005D0FD4	7	1	1	1	1	1	1	1
UPI00005D0FD3	7	1	1	1	1	1	1	1
UPI00005D0FD2	7	1	1	1	1	1	1	1
UPI00005D0FCF	7	1	1	1	1	1	1	1
UPI00005D0FBF	7	1	1	1	1	1	1	1
UPI00005D0FB0	7	1	1	1	1	1	1	1
UPI00005D0FAD	7	1	1	1	1	1	1	1
UPI00005D0F41	7	1	1	1	1	1	1	1
UPI00005D0F37	7	1	1	1	1	1	1	1
UPI00005D0F31	7	1	1	1	1	1	1	1
UPI00005D0F13	7	1	1	1	1	1	1	1
UPI00005D0F12	7	1	1	1	1	1	1	1
UPI00005D0F0F	7	1	1	1	1	1	1	1
UPI00005D0F0E	7	1	1	1	1	1	1	1
UPI00005D0F05	7	1	1	1	1	1	1	1
UPI00005D0F02	7	1	1	1	1	1	1	1
UPI00005D0F00	7	1	1	1	1	1	1	1
UPI00005D0EFF	7	1	1	1	1	1	1	1
UPI00005D0EFC	7	1	1	1	1	1	1	1
UPI00005D0EFA	7	1	1	1	1	1	1	1
UPI00005D0EF3	7	1	1	1	1	1	1	1
UPI00005D0EF1	7	1	1	1	1	1	1	1
UPI00005D0EEE	7	1	1	1	1	1	1	1
UPI00005D0EE8	7	1	1	1	1	1	1	1
UPI00005D0EE7	7	1	1	1	1	1	1	1
UPI00005D0EE4	7	1	1	1	1	1	1	1
UPI00005D0EE0	7	1	1	1	1	1	1	1
UPI00005D0EDE	7	1	1	1	1	1	1	1
UPI00005D0EDB	7	1	1	1	1	1	1	1
UPI00005D0ECE	7	1	1	1	1	1	1	1
UPI00005D0ECD	7	1	1	1	1	1	1	1
UPI00005D0ECC	7	1	1	1	1	1	1	1
UPI00005D0EC7	7	1	1	1	1	1	1	1
UPI00005D0EC0	7	1	1	1	1	1	1	1
UPI00005D0EBF	7	1	1	1	1	1	1	1
UPI00005D0EAD	7	1	1	1	1	1	1	1
UPI00005D0EAC	7	1	1	1	1	1	1	1
UPI00005D0E98	7	1	1	1	1	1	1	1
UPI00005D0E8D	7	1	1	1	1	1	1	1
UPI00005D0E87	7	1	1	1	1	1	1	1
UPI00005D0E86	7	1	1	1	1	1	1	1
UPI00005D0E84	7	1	1	1	1	1	1	1
UPI00005D0E81	7	1	1	1	1	1	1	1
UPI00005D0E7C	7	1	1	1	1	1	1	1
UPI00005D0E76	7	1	1	1	1	1	1	1
UPI00005D0E75	7	1	1	1	1	1	1	1
UPI00005D0E6E	7	1	1	1	1	1	1	1
UPI00005D0E69	7	1	1	1	1	1	1	1
UPI00005D0E63	7	1	1	1	1	1	1	1
UPI00005D0E61	7	1	1	1	1	1	1	1
UPI00005D0E5E	7	1	1	1	1	1	1	1
UPI00005D0E5B	7	1	1	1	1	1	1	1
UPI00005D0E55	7	1	1	1	1	1	1	1
UPI00005D0E50	7	1	1	1	1	1	1	1
UPI00005D0E3F	7	1	1	1	1	1	1	1
UPI00005D0E37	7	1	1	1	1	1	1	1
UPI00005D0E2D	7	1	1	1	1	1	1	1
UPI00005D0E29	7	1	1	1	1	1	1	1
UPI00005D0E24	7	1	1	1	1	1	1	1
UPI00005D0E1E	7	1	1	1	1	1	1	1
UPI00005D0E16	7	1	1	1	1	1	1	1
UPI00005D0E14	7	1	1	1	1	1	1	1
UPI00005D0E13	7	1	1	1	1	1	1	1
UPI00005D0E12	7	1	1	1	1	1	1	1
UPI00005D0E0F	7	1	1	1	1	1	1	1
UPI00005D0E07	7	1	1	1	1	1	1	1
UPI00005D0DEF	7	1	1	1	1	1	1	1
UPI00005D0DE5	7	1	1	1	1	1	1	1
UPI00005D0DE3	7	1	1	1	1	1	1	1
UPI00005D0DE2	7	1	1	1	1	1	1	1
UPI00005D0DE1	7	1	1	1	1	1	1	1
UPI00005D0DE0	7	1	1	1	1	1	1	1
UPI00005D0DD9	7	1	1	1	1	1	1	1
UPI00005D0DD6	7	1	1	1	1	1	1	1
UPI00005D0DD1	7	1	1	1	1	1	1	1
UPI00005D0DCE	7	1	1	1	1	1	1	1
UPI00005D0DC2	7	1	1	1	1	1	1	1
UPI00005D0DB2	7	1	1	1	1	1	1	1
UPI00005D0DB1	7	1	1	1	1	1	1	1
UPI00005D0DB0	7	1	1	1	1	1	1	1
UPI00005D0DAD	7	1	1	1	1	1	1	1
UPI00005D0DA4	7	1	1	1	1	1	1	1
UPI00005D0D31	7	1	1	1	1	1	1	1
UPI00005D0D29	7	1	1	1	1	1	1	1
UPI00005D0D1D	7	1	1	1	1	1	1	1
UPI00005D0D1B	7	1	1	1	1	1	1	1
UPI00005D0D0C	7	1	1	1	1	1	1	1
UPI00005D0D0B	7	1	1	1	1	1	1	1
UPI00005D0D06	7	1	1	1	1	1	1	1
UPI00005D0D05	7	1	1	1	1	1	1	1
UPI00005D0CF7	7	1	1	1	1	1	1	1
UPI00005D0CF6	7	1	1	1	1	1	1	1
UPI00005D0CF5	7	1	1	1	1	1	1	1
UPI00005D0CF3	7	1	1	1	1	1	1	1
UPI00005D0CF2	7	1	1	1	1	1	1	1
UPI00005D0CF1	7	1	1	1	1	1	1	1
UPI00005D0CF0	7	1	1	1	1	1	1	1
UPI00005D0CEC	7	1	1	1	1	1	1	1
UPI00005D0CEB	7	1	1	1	1	1	1	1
UPI00005D0CCC	7	1	1	1	1	1	1	1
UPI00005D0CCB	7	1	1	1	1	1	1	1
UPI00005D0CBD	7	1	1	1	1	1	1	1
UPI00005D0CBB	7	1	1	1	1	1	1	1
UPI00005D0CB2	7	1	1	1	1	1	1	1
UPI00005D0CA4	7	1	1	1	1	1	1	1
UPI00005D0CA1	7	1	1	1	1	1	1	1
UPI00005D0CA0	7	1	1	1	1	1	1	1
UPI00005D0C9F	7	1	1	1	1	1	1	1
UPI00005D0C95	7	1	1	1	1	1	1	1
UPI00005D0C94	7	1	1	1	1	1	1	1
UPI00005D0C85	7	1	1	1	1	1	1	1
UPI00005D0C83	7	1	1	1	1	1	1	1
UPI00005D0C81	7	1	1	1	1	1	1	1
UPI00005D0C7A	7	1	1	1	1	1	1	1
UPI00005D0C73	7	1	1	1	1	1	1	1
UPI00005D0C72	7	1	1	1	1	1	1	1
UPI00005D0C6F	7	1	1	1	1	1	1	1
UPI00005D0C6D	7	1	1	1	1	1	1	1
UPI00005D0C6A	7	1	1	1	1	1	1	1
UPI00005D0C61	7	1	1	1	1	1	1	1
UPI00005D0C5C	7	1	1	1	1	1	1	1
UPI00005D0C59	7	1	1	1	1	1	1	1
UPI00005D0C54	7	1	1	1	1	1	1	1
UPI00005D0C51	7	1	1	1	1	1	1	1
UPI00005D0C43	7	1	1	1	1	1	1	1
UPI00005D0C40	7	1	1	1	1	1	1	1
UPI00005D0C38	7	1	1	1	1	1	1	1
UPI00005D0C30	7	1	1	1	1	1	1	1
UPI00005D0C2C	7	1	1	1	1	1	1	1
UPI00005D0C28	7	1	1	1	1	1	1	1
UPI00005D0C27	7	1	1	1	1	1	1	1
UPI00005D0C19	7	1	1	1	1	1	1	1
UPI00005D0C0B	7	1	1	1	1	1	1	1
UPI00005D0BFE	7	1	1	1	1	1	1	1
UPI00005D0BFD	7	1	1	1	1	1	1	1
UPI00005D0BF7	7	1	1	1	1	1	1	1
UPI00005D0BF5	7	1	1	1	1	1	1	1
UPI00005D0BF2	7	1	1	1	1	1	1	1
UPI00005D0BF1	7	1	1	1	1	1	1	1
UPI00005D0BF0	7	1	1	1	1	1	1	1
UPI00005D0BEB	7	1	1	1	1	1	1	1
UPI00005D0BE9	7	1	1	1	1	1	1	1
UPI00005D0BE8	7	1	1	1	1	1	1	1
UPI00005D0BE3	7	1	1	1	1	1	1	1
UPI00005D0BCF	7	1	1	1	1	1	1	1
UPI00005D0BC9	7	1	1	1	1	1	1	1
UPI00005D0BC1	7	1	1	1	1	1	1	1
UPI00005D0BC0	7	1	1	1	1	1	1	1
UPI00005D0B47	7	1	1	1	1	1	1	1
UPI00005D0B43	7	1	1	1	1	1	1	1
UPI00005D0B35	7	1	1	1	1	1	1	1
UPI00005D0B33	7	1	1	1	1	1	1	1
UPI00005D0B23	7	1	1	1	1	1	1	1
UPI00005D0B21	7	1	1	1	1	1	1	1
UPI00005D0B20	7	1	1	1	1	1	1	1
UPI00005D0B1E	7	1	1	1	1	1	1	1
UPI00005D0B1D	7	1	1	1	1	1	1	1
UPI00005D0B1A	7	1	1	1	1	1	1	1
UPI00005D0B18	7	1	1	1	1	1	1	1
UPI00005D0B16	7	1	1	1	1	1	1	1
UPI00005D0B15	7	1	1	1	1	1	1	1
UPI00005D0B0C	7	1	1	1	1	1	1	1
UPI00005D0AED	7	1	1	1	1	1	1	1
UPI00005D0AE6	7	1	1	1	1	1	1	1
UPI00005D0AE1	7	1	1	1	1	1	1	1
UPI00005D0AE0	7	1	1	1	1	1	1	1
UPI00005D0AC4	7	1	1	1	1	1	1	1
UPI00005D0AC3	7	1	1	1	1	1	1	1
UPI00005D0AB4	7	1	1	1	1	1	1	1
UPI00005D0AA4	7	1	1	1	1	1	1	1
UPI00005D0AA2	7	1	1	1	1	1	1	1
UPI00005D0A99	7	1	1	1	1	1	1	1
UPI00005D0A92	7	1	1	1	1	1	1	1
UPI00005D0A8D	7	1	1	1	1	1	1	1
UPI00005D0A8C	7	1	1	1	1	1	1	1
UPI00005D0A7A	7	1	1	1	1	1	1	1
UPI00005D0A78	7	1	1	1	1	1	1	1
UPI00005D0A73	7	1	1	1	1	1	1	1
UPI00005D0A72	7	1	1	1	1	1	1	1
UPI00005D0A70	7	1	1	1	1	1	1	1
UPI00005D0A59	7	1	1	1	1	1	1	1
UPI00005D0A58	7	1	1	1	1	1	1	1
UPI00005D0A4E	7	1	1	1	1	1	1	1
UPI00005D0A49	7	1	1	1	1	1	1	1
UPI00005D0A47	7	1	1	1	1	1	1	1
UPI00005D0A44	7	1	1	1	1	1	1	1
UPI00005D0A3E	7	1	1	1	1	1	1	1
UPI00005D0A3D	7	1	1	1	1	1	1	1
UPI00005D0A3C	7	1	1	1	1	1	1	1
UPI00005D0A3B	7	1	1	1	1	1	1	1
UPI00005D0A39	7	1	1	1	1	1	1	1
UPI00005D0A27	7	1	1	1	1	1	1	1
UPI00005D0A1B	7	1	1	1	1	1	1	1
UPI00005D0A17	7	1	1	1	1	1	1	1
UPI00005D0A14	7	1	1	1	1	1	1	1
UPI00005D0A13	7	1	1	1	1	1	1	1
UPI00005D0A0E	7	1	1	1	1	1	1	1
UPI00005D0A0D	7	1	1	1	1	1	1	1
UPI00005D0A0A	7	1	1	1	1	1	1	1
UPI00005D0A09	7	1	1	1	1	1	1	1
UPI00005D0A05	7	1	1	1	1	1	1	1
UPI00005D0A00	7	1	1	1	1	1	1	1
UPI00005D09F6	7	1	1	1	1	1	1	1
UPI00005D09F2	7	1	1	1	1	1	1	1
UPI00005D09DC	7	1	1	1	1	1	1	1
UPI00005D09D4	7	1	1	1	1	1	1	1
UPI00005D09C8	7	1	1	1	1	1	1	1
UPI00005D09C6	7	1	1	1	1	1	1	1
UPI00005D09BE	7	1	1	1	1	1	1	1
UPI00005D09BD	7	1	1	1	1	1	1	1
UPI00005D0949	7	1	1	1	1	1	1	1
UPI00005D0944	7	1	1	1	1	1	1	1
UPI00005D0940	7	1	1	1	1	1	1	1
UPI00005D092C	7	1	1	1	1	1	1	1
UPI00005D092A	7	1	1	1	1	1	1	1
UPI00005D0929	7	1	1	1	1	1	1	1
UPI00005D0928	7	1	1	1	1	1	1	1
UPI00005D0927	7	1	1	1	1	1	1	1
UPI00005D0925	7	1	1	1	1	1	1	1
UPI00005D091E	7	1	1	1	1	1	1	1
UPI00005D091C	7	1	1	1	1	1	1	1
UPI00005D091B	7	1	1	1	1	1	1	1
UPI00005D0919	7	1	1	1	1	1	1	1
UPI00005D0911	7	1	1	1	1	1	1	1
UPI00005D0907	7	1	1	1	1	1	1	1
UPI00005D0903	7	1	1	1	1	1	1	1
UPI00005D08FB	7	1	1	1	1	1	1	1
UPI00005D08F9	7	1	1	1	1	1	1	1
UPI00005D08F4	7	1	1	1	1	1	1	1
UPI00005D08E9	7	1	1	1	1	1	1	1
UPI00005D08E2	7	1	1	1	1	1	1	1
UPI00005D08DD	7	1	1	1	1	1	1	1
UPI00005D08D7	7	1	1	1	1	1	1	1
UPI00005D08D5	7	1	1	1	1	1	1	1
UPI00005D08D4	7	1	1	1	1	1	1	1
UPI00005D08CA	7	1	1	1	1	1	1	1
UPI00005D08C0	7	1	1	1	1	1	1	1
UPI00005D08AC	7	1	1	1	1	1	1	1
UPI00005D08A9	7	1	1	1	1	1	1	1
UPI00005D08A6	7	1	1	1	1	1	1	1
UPI00005D0896	7	1	1	1	1	1	1	1
UPI00005D0895	7	1	1	1	1	1	1	1
UPI00005D0894	7	1	1	1	1	1	1	1
UPI00005D088B	7	1	1	1	1	1	1	1
UPI00005D0887	7	1	1	1	1	1	1	1
UPI00005D0884	7	1	1	1	1	1	1	1
UPI00005D0869	7	1	1	1	1	1	1	1
UPI00005D0864	7	1	1	1	1	1	1	1
UPI00005D085A	7	1	1	1	1	1	1	1
UPI00005D084E	7	1	1	1	1	1	1	1
UPI00005D084B	7	1	1	1	1	1	1	1
UPI00005D0845	7	1	1	1	1	1	1	1
UPI00005D0843	7	1	1	1	1	1	1	1
UPI00005D0842	7	1	1	1	1	1	1	1
UPI00005D0838	7	1	1	1	1	1	1	1
UPI00005D0833	7	1	1	1	1	1	1	1
UPI00005D0828	7	1	1	1	1	1	1	1
UPI00005D081D	7	1	1	1	1	1	1	1
UPI00005D0813	7	1	1	1	1	1	1	1
UPI00005D0812	7	1	1	1	1	1	1	1
UPI00005D080D	7	1	1	1	1	1	1	1
UPI00005D0809	7	1	1	1	1	1	1	1
UPI00005D0808	7	1	1	1	1	1	1	1
UPI00005D07F8	7	1	1	1	1	1	1	1
UPI00005D07F1	7	1	1	1	1	1	1	1
UPI00005D07E8	7	1	1	1	1	1	1	1
UPI00005D07DA	7	1	1	1	1	1	1	1
UPI00005D07D8	7	1	1	1	1	1	1	1
UPI00005D07D6	7	1	1	1	1	1	1	1
UPI00005D07CD	7	1	1	1	1	1	1	1
UPI00005D07CC	7	1	1	1	1	1	1	1
UPI00005D07C9	7	1	1	1	1	1	1	1
UPI00005D044A	7	2	2	2	2	2	2	2
UPI00005D0445	7	1	1	1	1	1	1	1
UPI00005D0444	7	1	1	1	1	1	1	1
UPI00005D0443	7	1	1	1	1	1	1	1
UPI00005D043F	7	1	1	1	1	1	1	1
UPI00005D043D	7	1	1	1	1	1	1	1
UPI00005D043C	7	1	1	1	1	1	1	1
UPI00005D0430	7	1	1	1	1	1	1	1
UPI00005D0424	7	1	1	1	1	1	1	1
UPI00005D0423	7	1	1	1	1	1	1	1
UPI00005D0417	7	1	1	1	1	1	1	1
UPI00005D0412	7	1	1	1	1	1	1	1
UPI00005D03F3	7	1	1	1	1	1	1	1
UPI00005D03F1	7	1	1	1	1	1	1	1
UPI00005D03F0	7	1	1	1	1	1	1	1
UPI00005D03EB	7	1	1	1	1	1	1	1
UPI00005D03E9	7	1	1	1	1	1	1	1
UPI00005D03E2	7	1	1	1	1	1	1	1
UPI00005D02FF	7	1	1	1	1	1	1	1
UPI00005D02FD	7	1	1	1	1	1	1	1
UPI00005D02FC	7	1	1	1	1	1	1	1
UPI00005D02E5	7	1	1	1	1	1	1	1
UPI00005D02E4	7	1	1	1	1	1	1	1
UPI00005D02DA	7	1	1	1	1	1	1	1
UPI00005D02D9	7	1	1	1	1	1	1	1
UPI00005D02D4	7	1	1	1	1	1	1	1
UPI00005D02D3	7	1	1	1	1	1	1	1
UPI00005D02D2	7	1	1	1	1	1	1	1
UPI00005D02C6	7	1	1	1	1	1	1	1
UPI00005D0272	7	1	1	1	1	1	1	1
UPI00005D026E	7	1	1	1	1	1	1	1
UPI00005D026B	7	1	1	1	1	1	1	1
UPI00005D0267	7	1	1	1	1	1	1	1
UPI00005D0266	7	1	1	1	1	1	1	1
UPI00005D0265	7	1	1	1	1	1	1	1
UPI00005D0262	7	1	1	1	1	1	1	1
UPI00005D0261	7	1	1	1	1	1	1	1
UPI00005D0260	7	1	1	1	1	1	1	1
UPI00005D025E	7	1	1	1	1	1	1	1
UPI00005D025D	7	1	1	1	1	1	1	1
UPI00005D025C	7	1	1	1	1	1	1	1
UPI00005D025B	7	1	1	1	1	1	1	1
UPI00005D025A	7	1	1	1	1	1	1	1
UPI00005D0259	7	1	1	1	1	1	1	1
UPI00005D0248	7	1	1	1	1	1	1	1
UPI00005D0247	7	1	1	1	1	1	1	1
UPI00005D0245	7	1	1	1	1	1	1	1
UPI00005D0244	7	1	1	1	1	1	1	1
UPI00005D0241	7	1	1	1	1	1	1	1
UPI00005D023E	7	1	1	1	1	1	1	1
UPI00005D0239	7	1	1	1	1	1	1	1
UPI00005D0236	7	1	1	1	1	1	1	1
UPI00005D0235	7	1	1	1	1	1	1	1
UPI00005D0234	7	1	1	1	1	1	1	1
UPI00005D0233	7	1	1	1	1	1	1	1
UPI00005D0231	7	1	1	1	1	1	1	1
UPI00005D022F	7	1	1	1	1	1	1	1
UPI00005D022B	7	1	1	1	1	1	1	1
UPI00005D0229	7	1	1	1	1	1	1	1
UPI00005D0224	7	1	1	1	1	1	1	1
UPI00005D0223	7	1	1	1	1	1	1	1
UPI00005D0222	7	1	1	1	2	1	1	1
UPI00005D021D	7	1	1	1	1	1	1	1
UPI00005D021C	7	1	1	1	2	1	1	1
UPI00005D0219	7	1	1	1	1	1	1	1
UPI00005D0216	7	1	1	1	1	1	1	1
UPI00005D0215	7	1	1	1	1	1	1	1
UPI00005D020F	7	1	1	1	1	1	1	1
UPI00005D020E	7	1	1	1	1	1	1	1
UPI00005D020D	7	1	1	1	1	1	1	1
UPI00005D0208	7	1	1	1	1	1	1	1
UPI00005D0207	7	1	1	1	1	1	1	1
UPI00005D0206	7	1	1	1	1	1	1	1
UPI00005D01FF	7	1	1	1	1	1	1	1
UPI00005D01F9	7	1	1	1	1	1	1	1
UPI00005D01F7	7	1	1	1	1	1	1	1
UPI00005D01F5	7	1	1	1	1	1	1	1
UPI00005D01F4	7	1	1	1	1	1	1	1
UPI00005D01F1	7	1	1	1	1	1	1	1
UPI00005D01EE	7	1	1	1	1	1	1	1
UPI00005D01ED	7	1	1	1	1	1	1	1
UPI00005D01EC	7	1	1	1	1	1	1	1
UPI00005D01EB	7	1	1	1	1	1	1	1
UPI00005D01E9	7	1	1	1	1	1	1	1
UPI00005D01E5	7	1	1	1	1	1	1	1
UPI00005D01DF	7	1	1	1	1	1	1	1
UPI00005D01DC	7	1	1	1	1	1	1	1
UPI00005D01DB	7	1	1	1	1	1	1	1
UPI00005D01D8	7	1	1	1	1	1	1	1
UPI00005D01D2	7	1	1	1	1	1	1	1
UPI00005D01CF	7	1	1	1	1	1	1	1
UPI00005D01CE	7	1	1	1	1	1	1	1
UPI00005D01CD	7	1	1	1	1	1	1	1
UPI00005D01B9	7	1	1	1	1	1	1	1
UPI00005D01B6	7	1	1	1	1	1	1	1
UPI00005D01B5	7	1	1	1	1	1	1	1
UPI00005D01B4	7	1	1	1	1	1	1	1
UPI00005D01A7	7	1	1	1	1	1	1	1
UPI00005D01A6	7	1	1	1	1	1	1	1
UPI00005D01A4	7	1	1	1	1	1	1	1
UPI00005D01A1	7	1	1	1	1	1	1	1
UPI00005D019E	7	1	1	1	1	1	1	1
UPI00005D019D	7	1	1	1	1	1	1	1
UPI00005D0199	7	1	1	1	1	1	1	1
UPI00005D0196	7	1	1	1	1	1	1	1
UPI00005D0195	7	1	1	1	1	1	1	1
UPI00005D0194	7	1	1	1	1	1	1	1
UPI00005D018D	7	1	1	1	1	1	1	1
UPI00005D018C	7	1	1	1	1	1	1	1
UPI00005D018A	7	1	1	1	1	1	1	1
UPI00005D0189	7	1	1	1	1	1	1	1
UPI00005D0188	7	1	1	1	1	1	1	1
UPI00005D0187	7	1	1	1	1	1	1	1
UPI00005D0185	7	1	1	1	1	1	1	1
UPI00005D0184	7	1	1	1	1	1	1	1
UPI00005D0181	7	1	1	1	1	1	1	1
UPI00005D0174	7	1	1	1	1	1	1	1
UPI00005D0173	7	1	1	1	1	1	1	1
UPI00005D0172	7	1	1	1	1	1	1	1
UPI00005D0169	7	1	1	1	1	1	1	1
UPI00005D0168	7	1	1	1	1	1	1	1
UPI00005D0167	7	1	1	1	1	1	1	1
UPI00005D0165	7	1	1	1	1	1	1	1
UPI00005D015B	7	1	1	1	1	1	1	1
UPI00005D0151	7	1	1	1	1	1	1	1
UPI00005D014D	7	1	1	1	1	1	1	1
UPI00005D014C	7	1	1	1	1	1	1	1
UPI00005D014B	7	1	1	1	1	1	1	1
UPI00005D0148	7	1	1	1	1	1	1	1
UPI00005D0145	7	1	1	1	1	1	1	1
UPI00005D0144	7	1	1	1	1	1	1	1
UPI00005D0141	7	1	1	1	1	1	1	1
UPI00005D013E	7	1	1	1	1	1	1	1
UPI00005D013C	7	1	1	1	1	1	1	1
UPI00005D012F	7	1	1	1	1	1	1	1
UPI00005D012D	7	1	1	1	1	1	1	1
UPI00005D012A	7	1	1	1	1	1	1	1
UPI00005D0126	7	1	1	1	1	1	1	1
UPI00005D0125	7	1	1	1	1	1	1	1
UPI00005D0124	7	1	1	1	1	1	1	1
UPI00005D0123	7	1	1	1	1	1	1	1
UPI00005D0122	7	1	1	1	1	1	1	1
UPI00005D0121	7	1	1	1	1	1	1	1
UPI00005D011F	7	1	1	1	1	1	1	1
UPI00005D011C	7	1	1	1	1	1	1	1
UPI00005D011B	7	1	1	1	1	1	1	1
UPI00005D0118	7	1	1	1	1	1	1	1
UPI00005D0116	7	1	1	1	1	1	1	1
UPI00005D0115	7	1	1	1	1	1	1	1
UPI00005D010B	7	1	1	1	1	1	1	1
UPI00005D0108	7	1	1	1	1	1	1	1
UPI00005D0105	7	1	1	1	1	1	1	1
UPI00005D0103	7	1	1	1	1	1	1	1
UPI00005D0101	7	1	1	1	1	1	1	1
UPI00005D0100	7	1	1	1	1	1	1	1
UPI00005D00F3	7	1	1	1	1	1	1	1
UPI00005D00F2	7	1	1	1	1	1	1	1
UPI00005D00EE	7	1	1	1	1	1	1	1
UPI00005D00EC	7	1	1	1	1	1	1	1
UPI00005D00EB	7	1	1	1	1	1	1	1
UPI00005D00E5	7	1	1	1	1	1	1	1
UPI00005D00E2	7	1	1	1	1	1	1	1
UPI00005D00D8	7	1	1	1	1	1	1	1
UPI00005D00D7	7	1	1	1	1	1	1	1
UPI00005D00D6	7	1	1	1	1	1	1	1
UPI00005D00D0	7	1	1	1	1	1	1	1
UPI00005D00CE	7	1	1	1	1	1	1	1
UPI00005D00CB	7	1	1	1	1	1	1	1
UPI00005D00C4	7	1	1	1	1	1	1	1
UPI00005D00BC	7	1	1	1	1	1	1	1
UPI00005D00BB	7	1	1	1	1	1	1	1
UPI00005CFFF9	7	1	1	1	1	1	1	1
UPI00005CFFF4	7	1	1	1	1	1	1	1
UPI00005CFFF3	7	1	1	1	1	1	1	1
UPI00005CFFEF	7	1	1	1	1	1	1	1
UPI00005CFFEE	7	1	1	1	1	1	1	1
UPI00005CFFE8	7	1	1	1	1	1	1	1
UPI00005CFFE7	7	1	1	1	1	1	1	1
UPI00005CFFE5	7	1	1	1	1	1	1	1
UPI00005CFFE4	7	1	1	1	1	1	1	1
UPI00005CFFDD	7	1	1	1	1	1	1	1
UPI00005CFFDB	7	1	1	1	1	1	1	1
UPI00005CFFD5	7	1	1	1	1	1	1	1
UPI00005CFFD4	7	1	1	1	1	1	1	1
UPI00005CFFD3	7	1	1	1	1	1	1	1
UPI00005CFFD2	7	1	1	1	1	1	1	1
UPI00005CFFCE	7	1	1	1	1	1	1	1
UPI00005CFFCC	7	1	1	1	1	1	1	1
UPI00005CFFC7	7	1	1	1	1	1	1	1
UPI00005CFFBE	7	1	1	1	1	1	1	1
UPI00005CFFBB	7	1	1	1	1	1	1	1
UPI00005CFFB9	7	1	1	1	1	1	1	1
UPI00005CFFAE	7	1	1	1	1	1	1	1
UPI00005CFFA4	7	1	1	1	1	1	1	1
UPI00005CFFA0	7	1	1	1	1	1	1	1
UPI00005CFF9F	7	1	1	1	1	1	1	1
UPI00005CFF9C	7	1	1	1	1	1	1	1
UPI00005CFF95	7	1	1	1	1	1	1	1
UPI00005CFF90	7	1	1	1	1	1	1	1
UPI00005CFF8F	7	1	1	1	1	1	1	1
UPI00005CFF8C	7	1	1	1	1	1	1	1
UPI00005CFF7D	7	1	1	1	1	1	1	1
UPI00005CFF7C	7	1	1	1	1	1	1	1
UPI00005CFF74	7	1	1	1	1	1	1	1
UPI00005CFF72	7	1	1	1	1	1	1	1
UPI00005CFF70	7	1	1	1	1	1	1	1
UPI00005CFF6C	7	1	1	1	1	1	1	1
UPI00005CFF6B	7	1	1	1	1	1	1	1
UPI00005CFF68	7	1	1	1	1	1	1	1
UPI00005CFF65	7	1	1	1	1	1	1	1
UPI00005CFF5E	7	1	1	1	1	1	1	1
UPI00005CFF59	7	1	1	1	1	1	1	1
UPI00005CFF52	7	1	1	1	1	1	1	1
UPI00005CFF50	7	1	1	1	1	1	1	1
UPI00005CFF45	7	1	1	1	1	1	1	1
UPI00005CFF44	7	1	1	1	1	1	1	1
UPI00005CFF42	7	1	1	1	1	1	1	1
UPI00005CFF41	7	1	1	1	1	1	1	1
UPI00005CFF3F	7	1	1	1	1	1	1	1
UPI00005CFF3C	7	1	1	1	1	1	1	1
UPI00005CFF3B	7	1	1	1	1	1	1	1
UPI00005CFF36	7	1	1	1	1	1	1	1
UPI00005CFF34	7	1	1	1	1	1	1	1
UPI00005CFF32	7	1	1	1	1	1	1	1
UPI00005CFF31	7	1	1	1	1	1	1	1
UPI00005CFF2B	7	1	1	1	1	1	1	1
UPI00005CFEC6	7	1	1	1	1	1	1	1
UPI00005CFEC2	7	1	1	1	1	1	1	1
UPI00005CFE95	7	1	1	1	1	1	1	1
UPI00005CFE93	7	1	1	1	1	1	1	1
UPI00005CFE90	7	1	1	1	1	1	1	1
UPI00005CFE8F	7	1	1	1	1	1	1	1
UPI00005CFE8E	7	1	1	1	1	1	1	1
UPI00005CFE8C	7	1	1	1	1	1	1	1
UPI00005CFE8A	7	1	1	1	1	1	1	1
UPI00005CFE89	7	1	1	1	1	1	1	1
UPI00005CFE88	7	1	1	1	1	1	1	1
UPI00005CFE85	7	1	1	1	1	1	1	1
UPI00005CFE80	7	1	1	1	1	1	1	1
UPI00005CFE7C	7	1	1	1	1	1	1	1
UPI00005CFE7B	7	1	1	1	1	1	1	1
UPI00005CFE79	7	1	1	1	1	1	1	1
UPI00005CFE77	7	1	1	1	1	1	1	1
UPI00005CFE72	7	1	1	1	1	1	1	1
UPI00005CFE6D	7	1	1	1	1	1	1	1
UPI00005CFE69	7	1	1	1	1	1	1	1
UPI00005CFE67	7	1	1	1	1	1	1	1
UPI00005CFE66	7	1	1	1	1	1	1	1
UPI00005CFE62	7	1	1	1	1	1	1	1
UPI00005CFE5C	7	1	1	1	1	1	1	1
UPI00005CFE5B	7	1	1	1	1	1	1	1
UPI00005CFE57	7	1	1	1	1	1	1	1
UPI00005CFE56	7	1	1	1	1	1	1	1
UPI00005CFE55	7	1	1	1	1	1	1	1
UPI00005CFDCC	7	1	1	1	1	1	1	1
UPI00005CFDC8	7	1	1	1	1	1	1	1
UPI00005CFDC7	7	1	1	1	1	1	1	1
UPI00005CFDC5	7	1	1	1	1	1	1	1
UPI00005CFDBF	7	1	1	1	1	1	1	1
UPI00005CFDBE	7	1	1	1	1	1	1	1
UPI00005CFDB9	7	1	1	1	1	1	1	1
UPI00005CFDB8	7	1	1	1	1	1	1	1
UPI00005CFDB4	7	1	1	1	1	1	1	1
UPI00005CFDB2	7	1	1	1	1	1	1	1
UPI00005CFDAD	7	1	1	1	1	1	1	1
UPI00005CFDA6	7	1	1	1	1	1	1	1
UPI00005CFDA4	7	1	1	1	1	1	1	1
UPI00005CFDA0	7	1	1	1	1	1	1	1
UPI00005CFD9F	7	1	1	1	1	1	1	1
UPI00005CFD9E	7	1	1	1	1	1	1	1
UPI00005CFD9A	7	1	1	1	1	1	1	1
UPI00005CFD95	7	1	1	1	1	1	1	1
UPI00005CFD92	7	1	1	1	1	1	1	1
UPI00005CFD8C	7	1	1	1	1	1	1	1
UPI00005CFD8B	7	1	1	1	1	1	1	1
UPI00005CFD8A	7	1	1	1	1	1	1	1
UPI00005CFD89	7	1	1	1	1	1	1	1
UPI00005CFD87	7	1	1	1	1	1	1	1
UPI00005CFD84	7	1	1	1	1	1	1	1
UPI00005CFD82	7	1	1	1	1	1	1	1
UPI00005CFD81	7	1	1	1	1	1	1	1
UPI00005CFD80	7	1	1	1	1	1	1	1
UPI00005CFD7F	7	1	1	1	1	1	1	1
UPI00005CFD7E	7	1	1	1	1	1	1	1
UPI00005CFD79	7	1	1	1	1	1	1	1
UPI00005CFD77	7	1	1	1	1	1	1	1
UPI00005CFD75	7	1	1	1	1	1	1	1
UPI00005CFD72	7	1	1	1	1	1	1	1
UPI00005CFD6F	7	1	1	1	1	1	1	1
UPI00005CFD6D	7	1	1	1	1	1	1	1
UPI00005CFD68	7	1	1	1	1	1	1	1
UPI00005CFD5F	7	1	1	1	1	1	1	1
UPI00005CFD5E	7	1	1	1	1	1	1	1
UPI00005CFD5A	7	1	1	1	1	1	1	1
UPI00005CFD59	7	1	1	1	1	1	1	1
UPI00005CFD57	7	1	1	1	1	1	1	1
UPI00005CFD41	7	1	1	1	1	1	1	1
UPI00005CFD3A	7	1	1	1	1	1	1	1
UPI00005CFD39	7	1	1	1	1	1	1	1
UPI00005CFD29	7	1	1	1	1	1	1	1
UPI00005CFD26	7	1	1	1	1	1	1	1
UPI00005CFD25	7	1	1	1	1	1	1	1
UPI00005CFD1B	7	1	1	1	1	1	1	1
UPI00005CFD1A	7	1	1	1	1	1	1	1
UPI00005CFD19	7	1	1	1	1	1	1	1
UPI00005CFD13	7	1	1	1	1	1	1	1
UPI00005CFD12	7	1	1	1	1	1	1	1
UPI00005CFD11	7	1	1	1	1	1	1	1
UPI00005CFD0F	7	1	1	1	1	1	1	1
UPI00005CFD0B	7	1	1	1	1	1	1	1
UPI00005CFD09	7	1	1	1	1	1	1	1
UPI00005CFD03	7	1	1	1	1	1	1	1
UPI00005CFD02	7	1	1	1	1	1	1	1
UPI00005CFD01	7	1	1	1	1	1	1	1
UPI00005CFCFE	7	1	1	1	1	1	1	1
UPI00005CFCFD	7	1	1	1	1	1	1	1
UPI00005CFCFC	7	1	1	1	1	1	1	1
UPI00005CFCF9	7	1	1	1	1	1	1	1
UPI00005CFCF8	7	1	1	1	1	1	1	1
UPI00005CFCF7	7	1	1	1	1	1	1	1
UPI00005CFCF6	7	1	1	1	1	1	1	1
UPI00005CFCF2	7	1	1	1	1	1	1	1
UPI00005CFCEB	7	1	1	1	1	1	1	1
UPI00005CFCE8	7	1	1	1	1	1	1	1
UPI00005CFCE6	7	1	1	1	1	1	1	1
UPI00005CFCD9	7	1	1	1	1	1	1	1
UPI00005CFCD8	7	1	1	1	1	1	1	1
UPI00005CFCCE	7	1	1	1	1	1	1	1
UPI00005CFCCB	7	1	1	1	1	1	1	1
UPI00005CFCCA	7	1	1	1	1	1	1	1
UPI00005CFCC6	7	1	1	1	1	1	1	1
UPI00005CFCC5	7	1	1	1	1	1	1	1
UPI00005CFCC3	7	1	1	1	1	1	1	1
UPI00005CFCC1	7	1	1	1	1	1	1	1
UPI00005CFCC0	7	1	1	1	1	1	1	1
UPI00005CFCB6	7	1	1	1	1	1	1	1
UPI00005CFCB5	7	1	1	1	1	1	1	1
UPI00005CFCB4	7	1	1	1	1	1	1	1
UPI00005CFCB1	7	1	1	1	1	1	1	1
UPI00005CFCB0	7	1	1	1	1	1	1	1
UPI00005CFCAF	7	1	1	1	1	1	1	1
UPI00005CFCAE	7	1	1	1	1	1	1	1
UPI00005CFCAD	7	1	1	1	1	1	1	1
UPI00005CFCA3	7	1	1	1	1	1	1	1
UPI00005CFCA2	7	1	1	1	1	1	1	1
UPI00005CFCA1	7	1	1	1	1	1	1	1
UPI00005CFCA0	7	1	1	1	1	1	1	1
UPI00005CFC9C	7	1	1	1	1	1	1	1
UPI00005CFC9B	7	1	1	1	1	1	1	1
UPI00005CFC95	7	1	1	1	1	1	1	1
UPI00005CFC94	7	1	1	1	1	1	1	1
UPI00005CFC91	7	1	1	1	1	1	1	1
UPI00005CFC90	7	1	1	1	1	1	1	1
UPI00005CFC8B	7	1	1	1	1	1	1	1
UPI00005CFC8A	7	1	1	1	1	1	1	1
UPI00005CFC89	7	1	1	1	1	1	1	1
UPI00005CFC88	7	1	1	1	1	1	1	1
UPI00005CFC87	7	1	1	1	1	1	1	1
UPI00005CFC85	7	1	1	1	1	1	1	1
UPI00005CFC80	7	1	1	1	1	1	1	1
UPI00005CFC7E	7	1	1	1	1	1	1	1
UPI00005CFC71	7	1	1	1	1	1	1	1
UPI00005CFC19	7	1	1	1	1	1	1	1
UPI00005CFC18	7	1	1	1	1	1	1	1
UPI00005CFC0E	7	1	1	1	1	1	1	1
UPI00005CFC0D	7	1	1	1	1	1	1	1
UPI00005CFC08	7	1	1	1	1	1	1	1
UPI00005CFC06	7	1	1	1	1	1	1	1
UPI00005CFC05	7	1	1	1	1	1	1	1
UPI00005CFC04	7	1	1	1	1	1	1	1
UPI00005CFC00	7	1	1	1	1	1	1	1
UPI00005CFBFF	7	1	1	1	1	1	1	1
UPI00005CFBFD	7	1	1	1	1	1	1	1
UPI00005CFBFC	7	1	1	1	1	1	1	1
UPI00005CFBFB	7	1	1	1	1	1	1	1
UPI00005CFBEE	7	1	1	1	1	1	1	1
UPI00005CFBEC	7	1	1	1	1	1	1	1
UPI00005CFB5B	7	1	1	1	1	1	1	1
UPI00005CFB4E	7	1	1	1	1	1	1	1
UPI00005CFB4D	7	1	1	1	1	1	1	1
UPI00005CFB4C	7	1	1	1	1	1	1	1
UPI00005CFB49	7	1	1	1	1	1	1	1
UPI00005CFB47	7	1	1	1	1	1	1	1
UPI00005CFB46	7	1	1	1	1	1	1	1
UPI00005CFB40	7	1	1	1	1	1	1	1
UPI00005CFB3F	7	1	1	1	1	1	1	1
UPI00005CFB35	7	1	1	1	1	1	1	1
UPI00005CFB32	7	1	1	1	1	1	1	1
UPI00005CFB31	7	1	1	1	1	1	1	1
UPI00005CFB2B	7	1	1	1	1	1	1	1
UPI00005CFB2A	7	1	1	1	1	1	1	1
UPI00005CFB29	7	1	1	1	1	1	1	1
UPI00005CFB23	7	1	1	1	1	1	1	1
UPI00005CFB1F	7	1	1	1	1	1	1	1
UPI00005CFB1E	7	1	1	1	1	1	1	1
UPI00005CFB1D	7	1	1	1	1	1	1	1
UPI00005CFB1C	7	1	1	1	1	1	1	1
UPI00005CFB10	7	1	1	1	1	1	1	1
UPI00005CFB0E	7	1	1	1	1	1	1	1
UPI00005CFB0B	7	1	1	1	1	1	1	1
UPI00005CFB0A	7	1	1	1	1	1	1	1
UPI00005CFB08	7	1	1	1	1	1	1	1
UPI00005CFB06	7	1	1	1	1	1	1	1
UPI00005CFB01	7	1	1	1	1	1	1	1
UPI00005CFAFF	7	1	1	1	1	1	1	1
UPI00005CFAFC	7	1	1	1	1	1	1	1
UPI00005CFAFB	7	1	1	1	1	1	1	1
UPI00005CFAFA	7	1	1	1	1	1	1	1
UPI00005CFAF9	7	1	1	1	1	1	1	1
UPI00005CFAF6	7	1	1	1	1	1	1	1
UPI00005CFAF5	7	1	1	1	1	1	1	1
UPI00005CFAEE	7	1	1	1	1	1	1	1
UPI00005CFAE1	7	1	1	1	1	1	1	1
UPI00005CFAE0	7	1	1	1	1	1	1	1
UPI00005CFADE	7	1	1	1	1	1	1	1
UPI00005CFADB	7	1	1	1	1	1	1	1
UPI00005CFAD9	7	1	1	1	1	1	1	1
UPI00005CFAD8	7	1	1	1	1	1	1	1
UPI00005CFAD6	7	1	1	1	1	1	1	1
UPI00005CFAD5	7	1	1	1	1	1	1	1
UPI00005CFAD3	7	1	1	1	1	1	1	1
UPI00005CFAD2	7	1	1	1	1	1	1	1
UPI00005CFACE	7	1	1	1	1	1	1	1
UPI00005CFA9E	7	1	1	1	1	1	1	1
UPI00005CFA9A	7	1	1	1	1	1	1	1
UPI00005CFA97	7	1	1	1	1	1	1	1
UPI00005CFA94	7	1	1	1	1	1	1	1
UPI00005CFA91	7	1	1	1	1	1	1	1
UPI00005CFA8E	7	1	1	1	1	1	1	1
UPI00005CFA89	7	1	1	1	1	1	1	1
UPI00005CFA84	7	1	1	1	1	1	1	1
UPI00005CFA83	7	1	1	1	1	1	1	1
UPI00005CFA7F	7	1	1	1	1	1	1	1
UPI00005CFA7B	7	1	1	1	1	1	1	1
UPI00005CFA7A	7	1	1	1	1	1	1	1
UPI00005CFA79	7	1	1	1	1	1	1	1
UPI00005CFA75	7	1	1	1	1	1	1	1
UPI00005CFA71	7	1	1	1	1	1	1	1
UPI00005CFA6D	7	1	1	1	1	1	1	1
UPI00005CFA67	7	1	1	1	1	1	1	1
UPI00005CFA66	7	1	1	1	1	1	1	1
UPI00005CFA65	7	1	1	1	1	1	1	1
UPI00005CFA62	7	1	1	1	1	1	1	1
UPI00005CFA53	7	1	1	1	1	1	1	1
UPI00005CFA52	7	1	1	1	1	1	1	1
UPI00005CFA4F	7	1	1	1	1	1	1	1
UPI00005CFA4D	7	1	1	1	1	1	1	1
UPI00005CFA4C	7	1	1	1	1	2	1	1
UPI00005CFA47	7	1	1	1	1	1	1	1
UPI00005CFA43	7	1	1	1	1	1	1	1
UPI00005CFA42	7	1	1	1	1	1	1	1
UPI00005CFA3F	7	1	1	1	1	1	1	1
UPI00005CFA3E	7	1	1	1	1	1	1	1
UPI00005CFA3C	7	1	1	1	1	1	1	1
UPI00005CFA3B	7	1	1	1	1	1	1	1
UPI00005CFA3A	7	1	1	1	1	1	1	1
UPI00005CFA39	7	1	1	1	1	1	1	1
UPI00005CFA38	7	1	1	1	1	1	1	1
UPI00005CFA31	7	1	1	1	1	1	1	1
UPI00005CFA2D	7	1	1	1	1	1	1	1
UPI00005CFA2A	7	1	1	1	1	1	1	1
UPI00005CFA23	7	1	1	1	1	1	1	1
UPI00005CFA20	7	1	1	1	1	1	1	1
UPI00005CFA1C	7	1	1	1	1	1	1	1
UPI00005CFA19	7	1	1	1	1	1	1	1
UPI00005CFA18	7	1	1	1	1	1	1	1
UPI00005CFA15	7	1	1	1	1	1	1	1
UPI00005CFA14	7	1	1	1	1	1	1	1
UPI00005CFA10	7	1	1	1	1	1	1	1
UPI00005CFA09	7	1	1	1	1	1	1	1
UPI00005CFA08	7	1	1	1	1	1	1	1
UPI00005CFA05	7	1	1	1	1	1	1	1
UPI00005CFA04	7	1	1	1	1	1	1	1
UPI00005CF9FF	7	1	1	1	1	1	1	1
UPI00005CF9F8	7	1	1	1	1	1	1	1
UPI00005CF9F7	7	1	1	1	1	1	1	1
UPI00005CF9F1	7	1	1	1	1	1	1	1
UPI00005CF9EF	7	1	1	1	1	1	1	1
UPI00005CF9EA	7	1	1	1	1	1	1	1
UPI00005CF9E8	7	1	1	1	1	1	1	1
UPI00005CF9E6	7	1	1	1	1	1	1	1
UPI00005CF9E3	7	1	1	1	1	1	1	1
UPI00005CF9E0	7	1	1	1	1	1	1	1
UPI00005CF9DC	7	1	1	1	1	1	1	1
UPI00005CF908	7	1	1	1	1	1	1	1
UPI00005CF905	7	1	1	1	1	1	1	1
UPI00005CF903	7	1	1	1	1	1	1	1
UPI00005CF8FC	7	1	1	1	1	1	1	1
UPI00005CF8F8	7	1	1	1	1	1	1	1
UPI00005CF8F3	7	1	1	1	1	1	1	1
UPI00005CF8F1	7	1	1	1	1	1	1	1
UPI00005CF8EC	7	1	1	1	1	1	1	1
UPI00005CF8EB	7	1	1	1	1	1	1	1
UPI00005CF8E1	7	1	1	1	1	1	1	1
UPI00005CF8E0	7	1	1	1	1	1	1	1
UPI00005CF8DF	7	1	1	1	1	1	1	1
UPI00005CF8DE	7	1	1	1	1	1	1	1
UPI00005CF8D7	7	1	1	1	1	1	1	1
UPI00005CF8D4	7	1	1	1	1	1	1	1
UPI00005CF8CF	7	1	1	1	1	1	1	1
UPI00005CF8CC	7	1	1	1	1	1	1	1
UPI00005CF8CB	7	1	1	1	1	1	1	1
UPI00005CF8C9	7	1	1	1	1	1	1	1
UPI00005CF8C7	7	1	1	1	1	1	1	1
UPI00005CF8C0	7	1	1	1	1	1	1	1
UPI00005CF8BF	7	1	1	1	1	1	1	1
UPI00005CF8BE	7	1	1	1	1	1	1	1
UPI00005CF8B9	7	1	1	1	1	1	1	1
UPI00005CF8B8	7	1	1	1	1	1	1	1
UPI00005CF8B6	7	1	1	1	1	1	1	1
UPI00005CF8B5	7	1	1	1	1	1	1	1
UPI00005CF8B3	7	1	1	1	1	1	1	1
UPI00005CF8B2	7	1	1	1	1	1	1	1
UPI00005CF899	7	1	1	1	1	1	1	1
UPI00005CF898	7	1	1	1	1	1	1	1
UPI00005CF888	7	1	1	1	1	1	1	1
UPI00005CF884	7	1	1	1	1	1	1	1
UPI00005CF883	7	1	1	1	1	1	1	1
UPI00005CF87E	7	1	1	1	1	1	1	1
UPI00005CF87C	7	1	1	1	1	1	1	1
UPI00005CF87B	7	1	1	1	1	1	1	1
UPI00005CF878	7	1	1	1	1	1	1	1
UPI00005CF877	7	1	1	1	1	1	1	1
UPI00005CF875	7	1	1	1	1	1	1	1
UPI00005CF867	7	1	1	1	1	1	1	1
UPI00005CF85C	7	1	1	1	1	1	1	1
UPI00005CF85B	7	1	1	1	1	1	1	1
UPI00005CF85A	7	1	1	1	1	1	1	1
UPI00005CF857	7	1	1	1	1	1	1	1
UPI00005CF854	7	1	1	1	1	1	1	1
UPI00005CF853	7	1	1	1	1	1	1	1
UPI00005CF852	7	1	1	1	1	1	1	1
UPI00005CF843	7	1	1	1	1	1	1	1
UPI00005CF842	7	1	1	1	1	1	1	1
UPI00005CF840	7	1	1	1	1	1	1	1
UPI00005CF83E	7	1	1	1	1	1	1	1
UPI00005CF836	7	1	1	1	1	1	1	1
UPI00005CF832	7	1	1	1	1	1	1	1
UPI00005CF830	7	1	1	1	1	1	1	1
UPI00005CF82D	7	1	1	1	1	1	1	1
UPI00005CF828	7	1	1	1	1	1	1	1
UPI00005CF826	7	1	1	1	1	1	1	1
UPI00005CF825	7	1	1	1	1	1	1	1
UPI00005CF822	7	1	1	1	1	1	1	1
UPI00005CF821	7	1	1	1	1	1	1	1
UPI00005CF820	7	1	1	1	1	1	1	1
UPI00005CF81A	7	1	1	1	1	1	1	1
UPI00005CF818	7	1	1	1	1	1	1	1
UPI00005CF817	7	1	1	1	1	1	1	1
UPI00005CF816	7	1	1	1	1	1	1	1
UPI00005CF815	7	1	1	1	1	1	1	1
UPI00005CF80F	7	1	1	1	1	1	1	1
UPI00005CF80E	7	1	1	1	1	1	1	1
UPI00005CF80D	7	1	1	1	1	1	1	1
UPI00005CF808	7	1	1	1	1	1	1	1
UPI00005CF805	7	1	1	1	1	1	1	1
UPI00005CF804	7	1	1	1	1	1	1	1
UPI00005CF7FB	7	1	1	1	1	1	1	1
UPI00005CF7FA	7	1	1	1	1	1	1	1
UPI00005CF7F8	7	1	1	1	1	1	1	1
UPI00005CF7F6	7	1	1	1	1	1	1	1
UPI00005CF7F3	7	1	1	1	1	1	1	1
UPI00005CF7F2	7	1	1	1	1	1	1	1
UPI00005CF7F0	7	1	1	1	1	1	1	1
UPI00005CF7BB	7	1	1	1	1	1	1	1
UPI00005CF7BA	7	1	1	1	1	1	1	1
UPI00005CF7AB	7	1	1	1	1	1	1	1
UPI00005CF7A8	7	1	1	1	1	1	1	1
UPI00005CF7A3	7	1	1	1	1	1	1	1
UPI00005CF79D	7	1	1	1	1	1	1	1
UPI00005CF79B	7	1	1	1	1	1	1	1
UPI00005CF798	7	1	1	1	1	1	1	1
UPI00005CF797	7	1	1	1	1	1	1	1
UPI00005CF796	7	1	1	1	1	1	1	1
UPI00005CF727	7	1	1	1	1	1	1	1
UPI00005CF724	7	1	1	1	1	1	1	1
UPI00005CF717	7	1	1	1	1	1	1	1
UPI00005CF714	7	1	1	1	1	1	1	1
UPI00005CF711	7	1	1	1	1	1	1	1
UPI00005CF710	7	1	1	1	1	1	1	1
UPI00005CF70F	7	1	1	1	1	1	1	1
UPI00005CF70B	7	1	1	1	1	1	1	1
UPI00005CF6FD	7	1	1	1	1	1	1	1
UPI00005CF6FA	7	1	1	1	1	1	1	1
UPI00005CF6F5	7	1	1	1	1	1	1	1
UPI00005CF6EE	7	1	1	1	1	1	1	1
UPI00005CF6E7	7	1	1	1	1	1	1	1
UPI00005CF6E6	7	1	1	1	1	1	1	1
UPI00005CF6E5	7	1	1	1	1	1	1	1
UPI00005CF6E2	7	1	1	1	1	1	1	1
UPI00005CF6E1	7	1	1	1	1	1	1	1
UPI00005CF6DC	7	1	1	1	1	1	1	1
UPI00005CF6DB	7	1	1	1	1	1	1	1
UPI00005CF6D6	7	1	1	1	1	1	1	1
UPI00005CF6D3	7	1	1	1	1	1	1	1
UPI00005CF6D2	7	1	1	1	1	1	1	1
UPI00005CF6D0	7	1	1	1	1	1	1	1
UPI00005CF6CC	7	1	1	1	1	1	1	1
UPI00005CF6CA	7	1	1	1	1	1	1	1
UPI00005CF6C7	7	1	1	1	1	1	1	1
UPI00005CF6BD	7	1	1	1	1	1	1	1
UPI00005CF6BA	7	1	1	1	1	1	1	1
UPI00005CF6B3	7	1	1	1	1	1	1	1
UPI00005CF6AF	7	1	1	1	1	1	1	1
UPI00005CF6AC	7	1	1	1	1	1	1	1
UPI00005CF6AB	7	1	1	1	1	1	1	1
UPI00005CF6A2	7	1	1	1	1	1	1	1
UPI00005CF69B	7	1	1	1	1	1	1	1
UPI00005CF695	7	1	1	1	1	1	1	1
UPI00005CF693	7	1	1	1	1	1	1	1
UPI00005CF691	7	1	1	1	1	1	1	1
UPI00005CF690	7	1	1	1	1	1	1	1
UPI00005CF68F	7	1	1	1	1	1	1	1
UPI00005CF68E	7	1	1	1	1	1	1	1
UPI00005CF68C	7	1	1	1	1	1	1	1
UPI00005CF68B	7	1	1	1	1	1	1	1
UPI00005CF685	7	1	1	1	1	1	1	1
UPI00005CF684	7	1	1	1	1	1	1	1
UPI00005CF681	7	1	1	1	1	1	1	1
UPI00005CF678	7	1	1	1	1	1	1	1
UPI00005CF677	7	1	1	1	1	1	1	1
UPI00005CF674	7	1	1	1	1	1	1	1
UPI00005CF652	7	1	1	1	1	1	1	1
UPI000055687F	7	1	1	1	1	1	1	1
UPI000055199A	7	1	1	1	1	1	1	1
UPI0000551840	7	1	1	1	1	1	1	1
UPI000055175B	7	1	1	1	1	1	1	1
UPI000055159F	7	1	1	1	1	1	1	1
UPI00005514AD	7	1	1	1	1	1	1	1
UPI000055124E	7	1	1	1	1	1	1	1
UPI0000550BA0	7	1	1	1	1	1	1	1
UPI000054FEF9	7	1	1	1	1	1	1	1
UPI000054FCA8	7	1	1	1	1	1	1	1
UPI000054F88E	7	1	1	1	1	1	1	1
UPI000054F49B	7	1	1	1	1	1	1	1
UPI000054F247	7	1	1	1	1	1	1	1
UPI000054F243	7	1	1	1	1	1	1	1
UPI000054ED60	7	1	1	1	1	1	1	1
UPI000054EA85	7	1	1	1	1	1	1	1
UPI000054E525	7	1	1	1	1	1	1	1
UPI0000330AC3	7	1	1	1	1	1	1	1
UPI0000314451	7	1	1	1	1	1	1	1
UPI00003126EF	7	1	1	1	1	1	1	1
UPI00002F6539	7	1	1	1	1	1	1	1
UPI00002DEF2F	7	1	1	1	1	1	1	1
UPI00002DBC91	7	1	1	1	1	1	1	1
UPI00002DB99B	7	1	1	1	1	1	1	1
UPI00002D1A7C	7	1	1	1	1	1	1	1
UPI00002B70E1	7	1	1	1	1	1	1	1
UPI00002B5049	7	1	1	1	1	1	1	1
UPI0000288B99	7	1	1	1	1	1	1	1
UPI000027A875	7	1	1	1	1	1	1	1
UPI000025C0E1	7	1	1	1	1	1	1	1
UPI0000254EB1	7	1	1	1	1	1	1	1
UPI0000134C11	7	1	1	1	1	1	1	1
UPI00000E24FF	7	1	1	1	1	1	1	1
UPI00000E240A	7	1	1	1	1	1	1	1
UPI00000E23DF	7	1	1	1	1	1	1	1
UPI00000E23D4	7	1	1	1	1	1	1	1
UPI00000E2380	7	1	1	1	1	1	1	1
UPI00000E22D7	7	1	1	1	1	1	1	1
UPI00000E2276	7	1	1	1	1	1	1	1
UPI00000E1FBE	7	1	1	1	1	1	1	1
UPI00000E1F33	7	1	1	1	1	1	1	1
UPI00000E1F30	7	1	1	1	1	1	1	1
UPI00000E1F02	7	1	1	1	1	1	1	1
UPI00000E1E08	7	1	1	1	1	1	1	1
UPI00000E1E06	7	1	1	1	1	1	1	1
UPI00000E1DE4	7	1	1	1	1	1	1	1
UPI00000E1C45	7	1	1	1	1	1	1	1
UPI00000E1AB5	7	1	1	1	1	1	1	1
UPI00000E1A72	7	1	1	1	1	1	1	1
UPI00000E18F9	7	1	1	1	1	1	1	1
UPI00000E180F	7	1	1	1	1	1	1	1
UPI00000E1733	7	1	1	1	1	1	1	1
UPI00000E1717	7	1	1	1	1	1	1	1
UPI00000E16FE	7	1	1	1	1	1	1	1
UPI00000E16BA	7	1	1	1	1	1	1	1
UPI00000E16B4	7	1	1	1	1	1	1	1
UPI00000E16B1	7	1	1	1	1	1	1	1
UPI00000E16AD	7	1	1	1	1	1	1	1
UPI00000E16AB	7	1	1	1	1	1	1	1
UPI00000E16AA	7	1	1	1	1	1	1	1
UPI00000E16A9	7	1	1	1	1	1	1	1
UPI00000E16A8	7	1	1	1	1	1	1	1
UPI00000E15D7	7	1	1	1	1	1	1	1
UPI001C72B19F	6	1	1	1	0	1	1	1
UPI0019824C3E	6	1	1	1	1	0	1	1
UPI001981ACA6	6	1	1	0	1	1	1	1
UPI001980DF3C	6	1	0	1	1	1	1	1
UPI00198028B8	6	1	1	1	1	0	1	1
UPI00197F13F9	6	1	0	1	1	1	1	1
UPI00197D291E	6	1	1	1	1	0	1	1
UPI00197CE36B	6	1	0	1	1	1	1	1
UPI0018E906B5	6	1	0	1	1	1	1	1
UPI0018E8FE31	6	1	0	1	1	1	1	1
UPI0018E8B00B	6	1	0	1	1	1	1	1
UPI0018E8AC7C	6	1	0	1	3	1	1	1
UPI0018E84610	6	1	0	1	1	1	1	1
UPI0018E8276E	6	1	0	1	1	1	1	1
UPI0018E81C26	6	1	0	1	1	1	1	1
UPI0018E7CEBD	6	1	0	1	1	1	1	1
UPI0018E7CDD0	6	1	0	1	1	1	1	1
UPI0018E7CB88	6	1	1	1	1	1	0	1
UPI0018E7B3D4	6	1	1	1	0	1	1	1
UPI0018E79CE6	6	1	0	1	1	1	1	1
UPI0018E75B4C	6	1	0	1	1	1	1	1
UPI00166B5FDE	6	1	0	1	1	1	1	1
UPI00166A7D48	6	1	0	1	1	1	1	1
UPI001665242A	6	1	0	1	1	1	1	1
UPI001664C0A5	6	1	1	1	1	0	1	1
UPI001353F328	6	1	0	1	1	1	1	1
UPI000FE2589B	6	1	1	0	1	1	1	1
UPI000FE219C7	6	1	0	1	1	1	1	1
UPI000FE21872	6	1	0	1	1	1	1	1
UPI000FE1F2F1	6	1	0	1	1	1	1	1
UPI000FE1EEA9	6	1	0	1	1	1	1	1
UPI000FE1D1DC	6	1	0	1	1	1	1	1
UPI000D22B6C1	6	1	1	1	1	0	1	1
UPI000D2271AF	6	1	1	1	1	0	1	1
UPI000D21A424	6	1	1	1	1	0	1	1
UPI000D216B73	6	1	1	0	1	1	1	1
UPI000D215861	6	1	1	1	0	1	1	1
UPI000D214F5B	6	1	1	1	1	0	1	1
UPI000D21112C	6	1	1	1	1	0	1	1
UPI000D210A51	6	1	1	1	1	0	1	1
UPI000D20CAD6	6	1	1	0	1	1	1	1
UPI000D20B3DC	6	1	1	1	1	0	1	1
UPI000D2018EB	6	1	1	0	1	1	1	1
UPI000D1FEE6A	6	1	1	1	1	1	0	1
UPI000B227E8C	6	1	0	1	1	1	1	1
UPI0009EDE958	6	1	0	1	1	1	1	1
UPI0009EDBCC7	6	1	0	1	1	1	1	1
UPI0009ED5D27	6	1	0	1	1	1	1	1
UPI00077CD239	6	1	0	1	1	1	1	1
UPI00077CCDF4	6	1	0	1	1	1	1	1
UPI00077CC925	6	1	1	1	0	1	1	1
UPI00077CC758	6	1	0	1	1	1	1	1
UPI00077CC036	6	1	0	1	1	1	1	1
UPI00077CB896	6	1	1	0	1	1	1	1
UPI00077CB580	6	1	0	1	1	1	1	1
UPI00077CB2DC	6	1	1	1	1	1	0	1
UPI00077CB202	6	1	1	1	1	0	1	1
UPI00077CAC85	6	1	1	1	0	1	1	1
UPI00077CA7C0	6	1	1	1	1	0	1	1
UPI00077CA2E7	6	1	1	1	1	0	1	1
UPI00077CA296	6	1	1	0	1	1	1	1
UPI00077C954F	6	1	1	1	0	1	1	1
UPI00077C9345	6	1	1	1	1	0	1	1
UPI00077C91CB	6	1	0	1	1	1	1	1
UPI00077C8F23	6	1	1	0	1	1	1	1
UPI00077C80CE	6	1	1	0	1	1	1	1
UPI00077C7CC4	6	1	1	1	1	0	1	1
UPI00077C7649	6	1	1	1	1	1	0	1
UPI00077C5D02	6	1	1	1	1	0	1	1
UPI00077C523E	6	1	0	1	1	1	1	1
UPI00077C4A01	6	1	0	1	1	1	1	1
UPI00077C45F4	6	1	0	1	1	1	1	1
UPI00077C4218	6	1	1	1	1	1	0	1
UPI00077C4202	6	0	1	1	1	1	1	1
UPI00077C3939	6	1	0	1	1	1	1	1
UPI00077C372D	6	1	1	0	1	1	1	1
UPI00077C2FC8	6	1	0	1	1	1	1	1
UPI00077C2C06	6	1	1	1	1	0	1	1
UPI00077C2993	6	1	1	0	1	1	1	1
UPI00077C25FC	6	1	1	0	1	1	1	1
UPI00077C1B28	6	1	1	1	1	0	1	1
UPI00077C1ADA	6	1	1	1	1	0	1	1
UPI00077C1A71	6	1	1	0	1	1	1	1
UPI00077C13C4	6	1	1	1	1	0	1	1
UPI00077C1373	6	1	0	1	1	1	1	1
UPI00077C125A	6	1	1	0	1	1	1	1
UPI00077C11DE	6	1	1	1	1	0	1	1
UPI00059E9228	6	1	1	1	1	1	0	1
UPI00046B06D3	6	1	1	1	1	0	1	1
UPI00046B04FA	6	1	1	1	0	1	1	1
UPI00046AF79C	6	1	0	1	1	1	1	1
UPI00046ADCB8	6	1	1	1	0	1	1	1
UPI00046AD3E3	6	1	1	1	1	1	0	1
UPI00046ACEF3	6	1	1	1	1	0	1	1
UPI00046ABD91	6	1	0	1	1	1	1	1
UPI00046AB975	6	1	1	1	1	0	1	1
UPI00046AAE55	6	1	1	1	1	1	0	1
UPI00046AACC6	6	1	1	1	1	1	0	1
UPI00046AA988	6	1	1	1	1	0	1	1
UPI00046A8134	6	1	1	1	0	1	1	1
UPI00046A7AD7	6	1	0	1	1	1	1	1
UPI00046A792D	6	1	1	0	1	1	1	1
UPI00046A5B90	6	1	1	1	1	0	1	1
UPI00046A5905	6	1	0	1	1	1	1	1
UPI00046A4FC3	6	1	0	1	1	1	1	1
UPI00046A4617	6	1	1	1	1	0	1	1
UPI00046A42B3	6	1	0	1	1	1	1	1
UPI00046A3F27	6	1	1	1	1	0	1	1
UPI00046A2466	6	1	1	0	1	1	1	1
UPI00046A1FBF	6	1	0	1	1	1	1	1
UPI00046A1920	6	1	0	1	1	1	1	1
UPI00046A0E54	6	1	0	1	1	1	1	1
UPI000469FCBF	6	1	1	1	1	0	1	1
UPI000469F9DC	6	1	1	1	1	0	1	1
UPI000469EE12	6	1	1	0	1	1	1	1
UPI000469E808	6	1	1	1	1	1	0	1
UPI000469E412	6	1	1	1	0	1	1	1
UPI000469DCB1	6	1	0	1	1	1	1	1
UPI000469D9C7	6	1	1	0	1	1	1	1
UPI000469CA44	6	1	0	1	1	1	1	1
UPI000469C141	6	1	1	1	0	1	1	1
UPI000469C0D9	6	1	0	1	1	1	1	1
UPI000469B995	6	1	0	1	1	1	1	1
UPI000469B911	6	1	1	1	1	0	1	1
UPI000469B21D	6	1	1	1	1	0	1	1
UPI000469B08C	6	1	0	1	1	1	1	1
UPI000469B010	6	1	0	1	1	1	1	1
UPI000469AEF1	6	1	1	1	1	0	1	1
UPI000469A2D0	6	1	0	1	1	1	1	1
UPI000469A1AF	6	1	1	0	1	1	1	1
UPI0004699885	6	1	0	1	1	1	1	1
UPI0004698633	6	1	0	1	1	1	1	1
UPI0004698176	6	1	1	1	1	0	1	1
UPI0004697F19	6	1	1	1	0	1	1	1
UPI00046974F6	6	1	1	1	0	1	1	1
UPI00046956A2	6	1	1	1	1	0	1	1
UPI00046953C4	6	1	1	0	1	1	1	1
UPI00046948E9	6	1	1	1	1	0	1	1
UPI00046943B4	6	1	1	0	1	1	1	1
UPI00046942F3	6	1	0	1	1	1	1	1
UPI0004693F95	6	1	0	1	1	1	1	1
UPI0004693C13	6	1	0	1	1	1	1	1
UPI0004693767	6	1	1	1	1	0	1	1
UPI00046928D0	6	1	0	1	1	1	1	1
UPI00046925F1	6	1	1	0	1	1	1	1
UPI00046923E3	6	1	1	1	1	0	1	1
UPI00046911DE	6	1	1	1	0	1	1	1
UPI000469012E	6	1	1	1	1	0	1	1
UPI000468FB2A	6	1	1	1	1	0	1	1
UPI000468F9A6	6	1	1	1	1	1	0	1
UPI000468F400	6	1	1	0	1	1	1	1
UPI000468F08D	6	1	0	1	1	1	1	1
UPI000468EC4B	6	1	1	1	1	0	1	1
UPI000468EC26	6	1	1	1	1	0	1	1
UPI000468D670	6	1	0	1	1	1	1	1
UPI000468B7BE	6	1	1	0	1	1	1	1
UPI000468B4E2	6	1	1	0	1	1	1	1
UPI000468AE2C	6	1	0	1	1	1	1	1
UPI0004688C81	6	1	1	1	1	0	1	1
UPI000468877B	6	1	0	1	1	1	1	1
UPI0004688637	6	1	1	1	1	0	1	1
UPI000468831A	6	1	1	1	1	0	1	1
UPI000468814E	6	1	0	1	1	1	1	1
UPI0004687E44	6	1	1	1	1	0	1	1
UPI0004687BEA	6	1	1	1	1	0	1	1
UPI0004687540	6	1	1	1	1	0	1	1
UPI0004686E7C	6	1	0	1	1	1	1	1
UPI0004686455	6	1	0	1	1	1	1	1
UPI0004685C4A	6	1	0	1	1	1	1	1
UPI0004685B86	6	1	0	1	1	1	1	1
UPI00046855DE	6	1	1	1	1	1	0	1
UPI0004685320	6	1	1	1	1	0	1	1
UPI000468499E	6	1	0	1	1	1	1	1
UPI0004684599	6	1	1	1	1	1	0	1
UPI0004683F81	6	1	1	1	1	1	0	1
UPI0004683E7D	6	1	1	1	1	0	1	1
UPI0004683B0E	6	1	0	1	1	1	1	1
UPI00046839B0	6	1	0	1	1	1	1	1
UPI0004682EC6	6	1	1	0	1	1	1	1
UPI0004682DF0	6	1	1	1	1	0	1	1
UPI0004682AB0	6	1	0	1	1	1	1	1
UPI0004682617	6	1	0	1	1	1	1	1
UPI00046824A7	6	1	1	1	1	1	0	1
UPI0004681F03	6	1	0	1	1	1	1	1
UPI0004681D3A	6	1	1	0	1	1	1	1
UPI0004680CCF	6	1	0	1	1	1	1	1
UPI000468060A	6	1	1	1	1	0	1	1
UPI000467F6BE	6	1	0	1	1	1	1	1
UPI000467F5B1	6	1	1	1	1	0	1	1
UPI000467EE1D	6	1	1	1	0	1	1	1
UPI000467ED50	6	1	0	1	1	1	1	1
UPI000305FFC4	6	1	0	1	1	1	1	1
UPI000300CEB2	6	1	1	1	1	0	1	1
UPI0002F81B40	6	1	1	1	1	0	1	1
UPI0002EAB1B3	6	1	1	1	1	1	0	1
UPI0001F5AE60	6	1	0	1	1	1	1	1
UPI0001F5AAC9	6	1	1	1	1	1	1	0
UPI0001F5A0FE	6	1	0	1	1	1	1	1
UPI0001F59FA2	6	1	0	1	1	1	1	1
UPI0001F59D18	6	1	0	1	1	1	1	1
UPI0001F59BBE	6	1	1	1	1	1	0	1
UPI0001E11236	6	1	1	0	1	1	1	1
UPI000150258E	6	1	1	1	1	0	1	1
UPI0000F0C59D	6	1	1	0	1	1	1	1
UPI0000F0C3F5	6	1	1	1	1	0	1	1
UPI0000F0C1C9	6	1	0	1	1	1	1	1
UPI0000F0BB99	6	1	0	1	1	1	1	1
UPI0000F0BB92	6	1	1	1	1	0	1	1
UPI0000F0B9A8	6	1	1	1	1	0	1	1
UPI0000F0B3FD	6	1	1	1	0	1	1	1
UPI0000F0B2C8	6	1	0	1	1	1	1	1
UPI0000F0B2B1	6	1	0	1	1	1	1	1
UPI0000F0B147	6	1	0	1	1	1	1	1
UPI0000F0ABBB	6	1	1	0	1	1	1	1
UPI0000F0A759	6	1	0	1	1	1	1	1
UPI0000F0A6AA	6	1	1	1	0	1	1	1
UPI0000ECFB2F	6	1	1	1	0	1	1	1
UPI0000ECFAFA	6	1	1	1	1	0	1	1
UPI0000ECFAEE	6	1	1	1	1	0	1	1
UPI00005FDEDB	6	1	0	1	1	1	1	1
UPI00005FDEC8	6	1	0	1	1	1	1	1
UPI00005FDE9F	6	1	1	1	0	1	1	1
UPI00005FDD8D	6	1	0	1	1	1	1	1
UPI00005FDD8B	6	1	0	1	1	1	1	1
UPI00005FDB0C	6	1	1	2	0	1	1	1
UPI00005FDB09	6	1	1	2	0	1	1	1
UPI00005FD9E2	6	1	1	0	1	1	1	1
UPI00005FD9DA	6	1	1	0	1	1	1	1
UPI00005FD9BE	6	1	0	1	1	1	1	1
UPI00005FD501	6	1	1	1	1	0	1	1
UPI00005FD500	6	1	1	1	1	0	1	1
UPI00005FD4FE	6	1	1	1	1	0	1	1
UPI00005FD4FA	6	1	1	1	1	0	1	1
UPI00005FD355	6	1	0	1	1	1	1	1
UPI00005FD0C0	6	1	0	1	1	1	1	1
UPI00005FCE32	6	1	1	1	1	0	1	1
UPI00005FCB3C	6	1	1	1	1	0	1	1
UPI00005FC924	6	1	0	1	1	1	1	1
UPI00005FC710	6	1	1	1	0	1	1	1
UPI00005FC487	6	1	1	1	1	0	1	1
UPI00005FC372	6	1	1	1	1	1	0	1
UPI00005FC2FE	6	1	1	1	1	0	1	1
UPI00005FC2F1	6	1	1	1	0	1	1	1
UPI00005FBE47	6	1	1	1	1	0	1	1
UPI00005FBE46	6	1	1	1	1	0	1	1
UPI00005FBE43	6	1	1	1	1	0	1	1
UPI00005FBDB7	6	1	0	1	1	1	1	1
UPI00005FBD04	6	1	0	1	1	1	1	1
UPI00005FBCFF	6	1	0	1	1	1	1	1
UPI00005FBCF9	6	1	0	1	1	1	1	1
UPI00005FBCB9	6	1	0	1	1	1	1	1
UPI00005FBCB7	6	1	0	1	1	1	1	1
UPI00005FB330	6	1	0	1	1	1	1	1
UPI00005FB32A	6	1	0	1	1	1	1	1
UPI00005FB316	6	1	0	1	1	1	1	1
UPI00005FB2E8	6	1	1	1	0	1	1	1
UPI00005FB2DD	6	1	0	1	1	1	1	1
UPI00005FB160	6	1	0	1	1	1	1	1
UPI00005FB15F	6	1	0	1	1	1	1	1
UPI00005D14E6	6	1	1	1	1	0	1	1
UPI00005D14D1	6	1	1	0	1	1	1	1
UPI00005D14BA	6	1	1	1	1	0	1	1
UPI00005D14AD	6	1	0	1	1	1	1	1
UPI00005D1442	6	1	1	1	1	0	1	1
UPI00005D12A1	6	1	1	1	1	0	1	1
UPI00005D12A0	6	1	1	1	1	1	0	1
UPI00005D1288	6	1	0	1	1	1	1	1
UPI00005D1261	6	1	0	1	1	1	1	1
UPI00005D125F	6	1	0	1	1	1	1	1
UPI00005D125C	6	1	1	1	1	0	1	1
UPI00005D11CF	6	1	0	1	1	1	1	1
UPI00005D10AF	6	1	1	1	1	0	1	1
UPI00005D106D	6	1	1	1	1	0	1	1
UPI00005D1068	6	1	0	1	1	1	1	1
UPI00005D1052	6	1	1	1	1	0	1	1
UPI00005D0FF1	6	1	0	1	1	1	1	1
UPI00005D0FC3	6	1	1	1	1	0	1	1
UPI00005D0F2E	6	1	0	1	1	1	1	1
UPI00005D0EDD	6	1	0	1	1	1	1	1
UPI00005D0E7A	6	1	1	0	1	1	1	1
UPI00005D0E53	6	1	0	1	1	1	1	1
UPI00005D0E47	6	1	1	1	1	0	1	1
UPI00005D0E46	6	1	1	1	1	0	1	1
UPI00005D0E45	6	1	1	1	1	0	1	1
UPI00005D0E2E	6	1	0	1	1	1	1	1
UPI00005D0E10	6	1	0	1	1	1	1	1
UPI00005D0E05	6	1	0	1	1	1	1	1
UPI00005D0DDF	6	1	0	1	1	1	1	1
UPI00005D0CE8	6	1	1	1	1	0	1	1
UPI00005D0C5A	6	1	1	1	1	0	1	1
UPI00005D0C53	6	1	1	1	1	0	1	1
UPI00005D0C52	6	1	1	1	1	0	1	1
UPI00005D0C37	6	1	0	1	1	1	1	1
UPI00005D0B56	6	1	0	1	1	1	1	1
UPI00005D0AA8	6	1	0	1	1	1	1	1
UPI00005D0AA5	6	1	0	1	1	1	1	1
UPI00005D0A87	6	1	0	1	1	1	1	1
UPI00005D0A6A	6	1	1	1	1	0	1	1
UPI00005D0A1C	6	1	0	1	1	1	1	1
UPI00005D09FC	6	1	0	1	1	1	1	1
UPI00005D0915	6	1	0	1	1	1	1	1
UPI00005D08B1	6	1	0	1	1	1	1	1
UPI00005D088C	6	1	1	1	1	0	1	1
UPI00005D0875	6	1	1	1	1	0	1	1
UPI00005D0873	6	1	1	1	1	0	1	1
UPI00005D0867	6	1	1	1	1	0	1	1
UPI00005D0858	6	1	1	1	1	0	1	1
UPI00005D0857	6	1	1	1	1	0	1	1
UPI00005D07F7	6	1	0	1	1	1	1	1
UPI00005D07CA	6	1	1	1	1	0	1	1
UPI00005D044E	6	1	0	1	1	1	1	1
UPI00005D03F9	6	1	0	1	1	1	1	1
UPI00005D02CD	6	1	1	0	1	1	1	1
UPI00005D023F	6	1	0	1	1	1	1	1
UPI00005D0177	6	1	0	1	1	1	1	1
UPI00005D0146	6	1	0	1	1	1	1	1
UPI00005CFFDC	6	1	0	1	1	1	1	1
UPI00005CFF35	6	1	0	1	1	1	1	1
UPI00005CFF25	6	1	1	1	1	0	1	1
UPI00005CFE4E	6	1	0	1	1	1	1	1
UPI00005CFDAC	6	1	1	0	1	1	1	1
UPI00005CFD9D	6	1	0	1	1	1	1	1
UPI00005CFD5D	6	1	0	1	1	1	1	1
UPI00005CFD17	6	1	0	1	1	1	1	1
UPI00005CFD0C	6	1	0	1	1	1	1	1
UPI00005CFCD4	6	1	0	1	1	1	1	1
UPI00005CFCD1	6	1	0	1	1	1	1	1
UPI00005CFCB3	6	1	1	1	1	0	1	1
UPI00005CFCB2	6	2	2	2	2	0	2	2
UPI00005CFCAA	6	1	1	1	1	0	1	1
UPI00005CFCA7	6	1	0	1	1	1	1	1
UPI00005CFC8D	6	1	1	1	1	0	1	1
UPI00005CFC6E	6	1	1	1	1	0	1	1
UPI00005CFC6D	6	1	1	1	1	0	1	1
UPI00005CFBF3	6	1	1	1	1	0	1	1
UPI00005CFBF0	6	1	1	1	1	0	1	1
UPI00005CFBE7	6	1	1	1	1	0	1	1
UPI00005CFBE5	6	1	1	1	1	0	1	1
UPI00005CFBDF	6	1	1	1	1	0	1	1
UPI00005CFBDE	6	1	1	1	1	0	1	1
UPI00005CFBDD	6	2	2	2	2	0	2	2
UPI00005CFBDC	6	1	1	1	1	0	1	1
UPI00005CFBD5	6	1	1	1	1	0	1	1
UPI00005CFBD4	6	1	1	1	1	0	1	1
UPI00005CFBD3	6	1	1	1	1	0	1	1
UPI00005CFAE8	6	1	1	1	1	0	1	1
UPI00005CFACD	6	1	0	1	1	1	1	1
UPI00005CFA82	6	1	1	1	1	0	1	1
UPI00005CF9FB	6	1	0	1	1	1	1	1
UPI00005CF813	6	1	1	1	1	0	1	1
UPI00005CF7B0	6	1	0	1	1	1	1	1
UPI00005CF7AA	6	1	1	1	1	0	1	1
UPI00005CF6D4	6	1	1	1	1	0	1	1
UPI00005CF6B5	6	1	1	1	1	0	1	1
UPI00005CF69E	6	1	1	1	1	1	0	1
UPI00005CF699	6	1	1	1	1	1	0	1
UPI0000319E8D	6	1	1	1	0	1	1	1
UPI00002DE347	6	1	0	1	1	1	1	1
UPI0000129DCF	6	2	2	2	2	2	0	2
UPI00000E169D	6	1	0	1	1	1	1	1
UPI002862DF13	5	0	1	1	1	1	1	0
UPI0021BF9226	5	0	1	1	1	1	1	0
UPI0021BF7E80	5	0	1	1	1	1	1	0
UPI0018E78349	5	1	0	1	1	0	1	1
UPI000FE22E2A	5	1	1	1	0	1	0	1
UPI000FE214C2	5	1	0	1	1	0	1	1
UPI000D22B246	5	1	1	1	0	1	0	1
UPI000D22A100	5	1	1	1	0	1	0	1
UPI000D21FE5A	5	1	1	1	0	0	1	1
UPI000D21AF4A	5	1	1	1	1	0	0	1
UPI000D2111D4	5	0	2	1	1	0	1	1
UPI000D1FEB9B	5	1	1	1	0	0	1	1
UPI000AA769D5	5	1	1	1	0	0	1	1
UPI000A5A13A5	5	1	1	1	0	0	1	1
UPI0009EE77D2	5	1	0	1	1	1	0	1
UPI0009ED57BE	5	1	1	1	0	1	0	1
UPI00077CD9B6	5	1	0	1	0	1	1	1
UPI00077CD70B	5	0	1	1	1	1	1	0
UPI00077CCFA0	5	1	0	0	1	1	1	1
UPI00077CA2B8	5	2	2	1	0	2	0	2
UPI00077C9E67	5	0	1	1	1	1	1	0
UPI00077C9E59	5	1	1	0	0	1	1	1
UPI00077C82A9	5	1	1	1	0	1	0	1
UPI00077C22D6	5	1	1	0	1	0	1	1
UPI000755EFDD	5	1	1	2	0	0	1	1
UPI00059DB49C	5	1	1	1	0	1	0	1
UPI00059DAC3A	5	0	1	1	1	1	1	0
UPI00046B038E	5	1	1	1	0	0	1	1
UPI00046AD1C0	5	1	1	1	0	1	0	1
UPI00046ACEB5	5	1	1	1	1	0	0	1
UPI00046ABA43	5	1	1	1	1	0	0	1
UPI00046AB8D2	5	1	1	1	0	1	0	1
UPI00046A798B	5	1	0	1	1	1	0	1
UPI00046A73DD	5	1	1	0	0	1	1	1
UPI00046A487F	5	1	1	1	0	0	1	1
UPI00046A37AA	5	1	1	1	0	0	1	1
UPI000469DA2D	5	1	1	0	0	1	1	1
UPI0004696F28	5	1	1	1	1	0	0	1
UPI0004693616	5	1	1	0	0	1	1	1
UPI000469359D	5	1	1	0	1	0	1	1
UPI000468F31A	5	0	1	1	1	1	1	0
UPI000468EA8B	5	1	1	1	0	1	0	1
UPI000468965B	5	1	1	1	0	0	1	1
UPI00046893D7	5	1	1	2	3	0	0	1
UPI0004687F57	5	0	1	1	1	1	1	0
UPI00046824D9	5	1	1	1	0	1	0	1
UPI0004681C6E	5	0	1	1	1	1	1	0
UPI0003248507	5	0	1	1	1	1	1	0
UPI00015025D2	5	0	1	1	1	1	1	0
UPI000150257E	5	1	0	1	1	1	0	1
UPI0000F0C5A6	5	1	1	0	0	1	1	1
UPI0000F0C59F	5	1	1	0	0	1	1	1
UPI0000F0C599	5	1	1	0	0	1	1	1
UPI0000F0C204	5	1	1	1	0	0	1	1
UPI0000F0B566	5	1	1	1	0	1	0	1
UPI0000ECFB2A	5	1	1	1	0	1	0	1
UPI0000ECFAFB	5	1	0	1	1	0	1	1
UPI0000ECFAEF	5	1	0	1	1	0	1	1
UPI00005FDC8B	5	0	1	1	1	1	1	0
UPI00005FDBE7	5	1	1	0	0	1	1	1
UPI00005FC66F	5	0	1	1	1	1	1	0
UPI00005D14E7	5	0	1	1	1	1	1	0
UPI00005D1433	5	1	1	1	2	0	0	1
UPI00005D10A1	5	0	1	1	1	1	1	0
UPI00005D0DF2	5	0	1	1	1	1	1	0
UPI00005D0DB4	5	0	1	1	1	1	1	0
UPI00005D0CCF	5	0	1	1	1	1	1	0
UPI00005D0A8B	5	1	1	1	1	0	0	1
UPI00005D09FA	5	1	0	1	1	0	1	1
UPI00005D093A	5	0	1	1	1	1	1	0
UPI00005D08CE	5	0	1	1	1	1	1	0
UPI00005D02F6	5	0	1	1	1	1	1	0
UPI00005D0225	5	0	1	1	1	1	1	0
UPI00005D01EF	5	0	1	1	1	1	1	0
UPI00005CFFAC	5	1	1	1	1	0	0	1
UPI00005CFDAE	5	0	1	1	1	1	1	0
UPI00005CFD99	5	0	1	1	1	1	1	0
UPI00005CFD6E	5	0	1	1	1	1	1	0
UPI00005CFD10	5	0	1	1	1	1	1	0
UPI00005CFBEB	5	0	1	1	1	1	1	0
UPI00005CFA7E	5	0	1	1	1	1	1	0
UPI00005CFA49	5	0	1	1	1	1	1	0
UPI00005CFA0F	5	0	1	1	1	1	1	0
UPI00005CF8CA	5	0	1	1	1	1	1	0
UPI00005CF7A7	5	0	1	1	1	1	1	0
UPI00005CF709	5	0	1	1	1	1	1	0
UPI00000E16B7	5	1	0	1	1	1	0	1
UPI00000E15CD	5	1	0	1	1	1	0	1
UPI00197E278E	4	1	1	1	0	0	0	1
UPI0018E8EABE	4	1	1	0	0	0	1	1
UPI00188C1A6A	4	1	0	1	1	0	0	1
UPI000FE26A92	4	1	1	1	0	0	0	1
UPI000D22281F	4	1	1	1	0	0	0	1
UPI000D21FE80	4	1	1	1	0	0	0	1
UPI000D21B74F	4	1	1	1	0	0	0	1
UPI000D217263	4	1	1	1	0	0	0	1
UPI000D20D89B	4	1	1	1	0	0	0	1
UPI000D1FF654	4	1	1	0	1	0	0	1
UPI000AF7915D	4	1	1	1	0	0	0	1
UPI0009D6FF0B	4	1	0	1	1	0	0	1
UPI00077CD975	4	1	0	1	1	0	0	1
UPI00077CCD01	4	1	1	1	0	0	0	1
UPI00077CCAE1	4	1	1	1	0	0	0	1
UPI00077CB480	4	1	1	0	0	1	0	1
UPI00077CAE67	4	1	1	1	0	0	0	1
UPI00077CADE4	4	1	0	0	0	1	1	1
UPI00077C95E4	4	1	1	1	0	0	0	1
UPI00077C919D	4	1	1	1	0	0	0	1
UPI00077C8D61	4	1	1	1	0	0	0	1
UPI00077C86DC	4	1	1	1	0	0	0	1
UPI00077C64AC	4	1	1	1	0	0	0	1
UPI00077C6368	4	1	1	1	0	0	0	1
UPI00077C58BF	4	1	1	0	0	0	1	1
UPI00077C55B6	4	1	1	0	0	0	1	1
UPI00077C439A	4	1	1	1	0	0	0	1
UPI00077C4207	4	1	1	1	0	0	0	1
UPI00077C2547	4	1	1	1	0	0	0	1
UPI00077C1D91	4	0	1	1	1	0	1	0
UPI00059D9873	4	0	0	1	1	1	1	0
UPI00046B0101	4	1	1	1	0	0	0	1
UPI00046AFB91	4	1	1	0	0	0	1	1
UPI00046AEFAA	4	1	1	1	0	0	0	1
UPI00046AE2A8	4	1	1	1	0	0	0	1
UPI00046ACBC8	4	1	1	0	0	1	0	1
UPI00046AC92B	4	1	1	1	0	0	0	1
UPI00046A9EFB	4	1	1	1	0	0	0	1
UPI00046A8F99	4	1	0	1	1	0	0	1
UPI00046A8F00	4	1	1	1	0	0	0	1
UPI00046A8808	4	1	1	0	0	0	1	1
UPI00046A7B45	4	1	1	1	0	0	0	1
UPI00046A4B91	4	1	0	1	0	1	0	1
UPI00046A47D5	4	1	1	1	0	0	0	1
UPI00046A26E8	4	1	1	1	0	0	0	1
UPI00046A1ED1	4	1	1	1	0	0	0	1
UPI00046A0FFB	4	1	1	0	1	0	0	1
UPI00046A018C	4	1	1	0	0	0	1	1
UPI000469FB31	4	1	1	0	0	1	0	1
UPI000469F305	4	1	1	0	0	1	0	1
UPI000469F1F5	4	1	1	0	0	0	1	1
UPI000469F02F	4	1	1	1	0	0	0	1
UPI000469C06F	4	1	1	0	0	1	0	1
UPI000469AA06	4	1	1	0	0	1	0	1
UPI000469A749	4	1	1	1	0	0	0	1
UPI00046996BB	4	1	1	1	0	0	0	1
UPI00046991FC	4	1	1	1	0	0	0	1
UPI0004698AC8	4	1	0	1	0	0	1	1
UPI000469777D	4	1	1	1	0	0	0	1
UPI0004694E5E	4	2	2	0	0	3	0	2
UPI00046924C2	4	1	1	1	0	0	0	1
UPI0004692082	4	1	1	1	0	0	0	1
UPI00046919B8	4	1	1	0	0	1	0	1
UPI00046900DD	4	1	1	1	0	0	0	1
UPI000468B6A5	4	1	1	0	1	0	0	1
UPI00046897F6	4	1	1	1	0	0	0	1
UPI00046891A2	4	1	1	1	0	0	0	1
UPI00046879BA	4	1	1	1	0	0	0	1
UPI000468591D	4	1	1	1	0	0	0	1
UPI00046848AF	4	1	1	1	0	0	0	1
UPI000468468F	4	1	1	1	0	0	0	1
UPI0004681F7C	4	1	1	1	0	0	0	1
UPI0004680111	4	1	1	1	0	0	0	1
UPI0003229C61	4	1	0	1	0	0	1	1
UPI0002EBA91F	4	0	1	1	0	1	1	0
UPI0001F5A891	4	0	0	1	1	1	1	0
UPI0001531378	4	1	1	0	0	1	0	1
UPI000150250C	4	0	0	1	1	1	1	0
UPI0000ECFB69	4	1	1	1	0	0	0	1
UPI00005FDC79	4	0	0	1	1	1	1	0
UPI00005FD506	4	1	1	1	0	0	0	1
UPI00005FC94A	4	1	1	1	0	0	0	1
UPI00005FC8A1	4	1	1	1	0	0	0	1
UPI00005D1287	4	0	0	1	1	1	1	0
UPI00005D127E	4	0	0	1	1	1	1	0
UPI00005D11B5	4	1	1	0	0	0	1	1
UPI00005D0FFC	4	0	1	0	1	1	1	0
UPI00005D0EE2	4	0	0	1	1	1	1	0
UPI00005D0B22	4	1	1	0	1	0	0	1
UPI00005D01FA	4	0	0	1	1	1	1	0
UPI00005CFFF6	4	0	0	1	1	1	1	0
UPI00005CFFE0	4	0	0	1	1	1	1	0
UPI00005CFF26	4	0	1	1	1	0	1	0
UPI00005CFC72	4	0	1	1	1	0	1	0
UPI00005CFAD7	4	0	1	1	1	0	1	0
UPI00005CF7A0	4	0	1	1	1	0	1	0
UPI00005CF71B	4	0	0	1	1	1	1	0
UPI00005CF6F9	4	0	0	1	1	6	1	0
UPI000025C915	4	1	0	1	1	0	0	1
UPI002863743A	3	0	1	1	0	0	1	0
UPI00286196F9	3	0	0	1	1	0	1	0
UPI0021C028BE	3	0	0	0	1	1	1	0
UPI0021BF1130	3	0	0	1	0	1	1	0
UPI001C739F9C	3	1	1	1	0	0	0	0
UPI00197FF4DB	3	1	1	0	0	0	0	1
UPI001668AA77	3	1	0	1	0	0	0	1
UPI0013E3F419	3	1	1	0	0	0	0	1
UPI000FE274B2	3	1	1	0	0	0	0	1
UPI000FE24323	3	1	1	0	0	0	0	1
UPI000FE22B09	3	1	1	0	0	0	0	1
UPI000E0F0394	3	1	0	0	1	0	0	1
UPI000D22B059	3	1	1	0	0	0	0	1
UPI000D22AC95	3	1	1	0	0	0	0	1
UPI000D229328	3	1	1	0	0	0	0	1
UPI000D225C7A	3	1	1	0	0	0	0	1
UPI000D21B75B	3	1	1	0	0	0	0	1
UPI000D21A440	3	1	1	0	0	0	0	1
UPI000D2167D7	3	1	1	0	0	0	0	1
UPI000D20BB2D	3	1	1	0	0	0	0	1
UPI000D20A7D3	3	1	1	0	0	0	0	1
UPI000D200BB4	3	1	1	0	0	0	0	1
UPI000B2E131D	3	1	1	0	0	0	0	1
UPI000AA2F28D	3	0	1	1	0	0	1	0
UPI000A7C0078	3	1	1	0	0	0	0	1
UPI000A5A667C	3	0	1	1	0	0	1	0
UPI0009EE8612	3	1	0	0	1	0	0	1
UPI0009ED61CA	3	1	1	0	0	0	0	1
UPI0009ECE8DD	3	1	0	0	1	0	0	1
UPI0009ECDFA5	3	1	0	0	1	0	0	1
UPI00077CB459	3	1	1	0	0	0	0	1
UPI00077C8C99	3	1	1	0	0	0	0	1
UPI00077C5D16	3	1	1	0	0	0	0	1
UPI00077C5098	3	1	1	0	0	0	0	1
UPI00077C4D8F	3	1	1	0	0	0	0	1
UPI00077C3BCF	3	1	1	0	0	0	0	1
UPI00077C34FB	3	1	1	0	0	0	0	1
UPI00077C2500	3	0	1	0	1	0	1	0
UPI00077C19CB	3	1	1	0	0	0	0	1
UPI00077C19A1	3	1	1	0	0	0	0	1
UPI00077C13A5	3	1	1	0	0	0	0	1
UPI00077C1119	3	1	1	0	0	0	0	1
UPI00059D077F	3	0	1	0	1	0	1	0
UPI00046B0250	3	1	1	0	0	0	0	1
UPI00046AFCCB	3	1	1	0	0	0	0	1
UPI00046AF6F8	3	1	0	1	0	0	0	1
UPI00046AEEF1	3	1	0	1	0	0	0	1
UPI00046AED96	3	1	1	0	0	0	0	1
UPI00046AE2F4	3	1	1	0	0	0	0	1
UPI00046ACFC1	3	1	1	0	0	0	0	1
UPI00046ACE6A	3	1	1	0	0	0	0	1
UPI00046AC612	3	1	1	0	0	0	0	1
UPI00046AC5B7	3	1	1	0	0	0	0	1
UPI00046AC57B	3	1	1	0	0	0	0	1
UPI00046AB529	3	1	1	0	0	0	0	1
UPI00046AA7B7	3	1	1	0	0	0	0	1
UPI00046AA739	3	1	1	0	0	0	0	1
UPI00046AA428	3	1	0	1	0	0	0	1
UPI00046A8F47	3	1	1	0	0	0	0	1
UPI00046A88F3	3	1	1	0	0	0	0	1
UPI00046A753A	3	1	1	0	0	0	0	1
UPI00046A6ED0	3	1	1	0	0	0	0	1
UPI00046A6CF2	3	1	1	0	0	0	0	1
UPI00046A66D3	3	1	1	0	0	0	0	1
UPI00046A50F0	3	1	1	0	0	0	0	1
UPI00046A3F69	3	1	0	1	0	0	0	1
UPI00046A256D	3	1	1	0	0	0	0	1
UPI00046A246E	3	1	1	0	0	0	0	1
UPI00046A0E05	3	1	1	0	0	0	0	1
UPI00046A0BAE	3	1	1	0	0	0	0	1
UPI000469FEA7	3	1	1	0	0	0	0	1
UPI000469FE83	3	1	1	0	0	0	0	1
UPI000469FC3F	3	1	1	0	0	0	0	1
UPI000469E9D6	3	1	0	1	0	0	0	1
UPI000469E063	3	1	1	0	0	0	0	1
UPI000469D937	3	1	1	0	0	0	0	1
UPI000469D2D9	3	1	1	0	0	0	0	1
UPI000469D093	3	1	1	0	0	0	0	1
UPI000469B31A	3	1	1	0	0	0	0	1
UPI000469A40C	3	1	1	0	0	0	0	1
UPI0004699BB2	3	1	1	0	0	0	0	1
UPI0004699A1B	3	1	1	0	0	0	0	1
UPI0004699941	3	1	1	0	0	0	0	1
UPI0004699462	3	1	0	1	0	0	0	1
UPI0004699142	3	1	1	0	0	0	0	1
UPI0004699103	3	1	1	0	0	0	0	1
UPI000469904E	3	1	1	0	0	0	0	1
UPI000469892A	3	1	1	0	0	0	0	1
UPI0004697F0F	3	1	1	0	0	0	0	1
UPI000469745A	3	1	1	0	0	0	0	1
UPI00046971C5	3	1	1	0	0	0	0	1
UPI0004696FCC	3	1	1	0	0	0	0	1
UPI0004696DD8	3	1	1	0	0	0	0	1
UPI0004696B6D	3	1	1	0	0	0	0	1
UPI0004695F6B	3	1	1	0	0	0	0	1
UPI00046951EA	3	1	1	0	0	0	0	1
UPI0004692C86	3	1	1	0	0	0	0	1
UPI000469283C	3	1	1	0	0	0	0	1
UPI00046922A3	3	1	1	0	0	0	0	1
UPI0004691EEB	3	1	1	0	0	0	0	1
UPI00046919D0	3	1	1	0	0	0	0	1
UPI00046918F1	3	1	1	0	0	0	0	1
UPI0004691104	3	1	1	0	0	0	0	1
UPI000468F548	3	1	1	0	0	0	0	1
UPI000468F4EA	3	1	1	0	0	0	0	1
UPI000468C04D	3	1	1	0	0	0	0	1
UPI000468B974	3	1	1	0	0	0	0	1
UPI000468A428	3	1	1	0	0	0	0	1
UPI000468A422	3	1	0	1	0	0	0	1
UPI0004689E91	3	1	1	0	0	0	0	1
UPI000468978D	3	1	1	0	0	0	0	1
UPI0004688BC6	3	1	1	0	0	0	0	1
UPI0004688228	3	1	1	0	0	0	0	1
UPI000468748A	3	1	1	0	0	0	0	1
UPI0004686628	3	1	1	0	0	0	0	1
UPI0004685CAA	3	1	1	0	0	0	0	1
UPI0004685C06	3	1	1	0	0	0	0	1
UPI0004682ADF	3	1	1	0	0	0	0	1
UPI00046829BF	3	1	0	1	0	0	0	1
UPI000468091C	3	1	1	0	0	0	0	1
UPI00046802DC	3	1	1	0	0	0	0	1
UPI000467EEC1	3	1	1	0	0	0	0	1
UPI000321D681	3	0	0	0	1	1	1	0
UPI000309E4E0	3	0	0	3	3	2	0	0
UPI000309C964	3	1	1	0	0	0	0	1
UPI0002F70286	3	0	1	0	1	1	0	0
UPI0002D95CAE	3	0	0	0	1	1	1	0
UPI000230D23A	3	0	0	1	1	0	1	0
UPI0001F59E52	3	0	0	0	1	1	1	0
UPI0001F59A97	3	0	0	1	1	2	0	0
UPI0001502594	3	0	0	1	1	1	0	0
UPI0001502491	3	0	0	0	1	2	1	0
UPI0001502490	3	0	0	1	1	1	0	0
UPI0000F0BB4F	3	1	1	0	0	0	0	1
UPI0000F0BB4E	3	1	1	0	0	0	0	1
UPI00005D14E8	3	0	0	1	1	2	0	0
UPI00005D14C3	3	0	0	1	1	0	1	0
UPI00005D13C9	3	0	0	0	1	1	1	0
UPI00005D1255	3	0	0	1	1	0	1	0
UPI00005D10BD	3	0	0	0	1	1	1	0
UPI00005D0ECB	3	0	0	1	1	1	0	0
UPI00005D0EB9	3	0	0	0	1	1	1	0
UPI00005D0E9A	3	0	0	1	1	4	0	0
UPI00005D0CC2	3	0	0	0	1	1	1	0
UPI00005D0B29	3	0	0	1	1	2	0	0
UPI00005D0A7B	3	0	0	1	2	0	1	0
UPI00005D0906	3	0	1	1	1	0	0	0
UPI00005D08FA	3	0	0	1	1	1	0	0
UPI00005D024E	3	0	0	1	1	1	0	0
UPI00005D0200	3	0	0	1	1	1	0	0
UPI00005CFF55	3	0	0	0	1	1	1	0
UPI00005CFF53	3	0	0	0	1	1	1	0
UPI00005CFF4D	3	0	0	0	1	1	1	0
UPI00005CFF4C	3	0	0	0	1	1	1	0
UPI00005CFB59	3	0	1	0	1	0	1	0
UPI00005CFA06	3	0	0	0	1	1	1	0
UPI00005CF9E9	3	0	0	0	1	1	1	0
UPI00002FA045	3	0	0	1	1	1	0	0
UPI00285E639E	2	0	0	1	0	0	1	0
UPI00285CF07C	2	0	0	0	1	0	2	0
UPI002859CD17	2	0	0	1	0	0	1	0
UPI002857EFF8	2	0	0	1	0	0	1	0
UPI0028563C92	2	0	0	1	0	0	1	0
UPI0028545833	2	0	0	1	0	0	1	0
UPI0021C1F9D4	2	0	0	0	0	1	1	0
UPI0021C1EB2B	2	0	0	0	0	1	1	0
UPI0021C1C29D	2	0	0	0	0	1	1	0
UPI0021C1A875	2	0	0	1	0	1	0	0
UPI0021C13D6A	2	0	0	0	0	1	1	0
UPI0021C0FD72	2	0	0	1	0	1	0	0
UPI0021C07455	2	0	0	1	0	1	0	0
UPI0021C04218	2	0	0	1	0	1	0	0
UPI0021C03429	2	0	0	0	0	1	1	0
UPI0021C01065	2	0	0	0	0	1	1	0
UPI0021BF554A	2	0	0	0	0	1	1	0
UPI0021BF3D2C	2	0	0	0	0	1	1	0
UPI0021BF1F9F	2	0	0	0	0	1	1	0
UPI0021BE9BE1	2	0	0	0	0	1	1	0
UPI0021BE8364	2	0	0	1	0	1	0	0
UPI0021BDF6B2	2	0	0	1	0	1	0	0
UPI002004991C	2	0	0	0	0	1	1	0
UPI001B4B4396	2	0	0	0	0	1	1	0
UPI00135296BE	2	0	0	2	0	1	0	0
UPI0012DF2D1F	2	0	0	0	1	0	1	0
UPI0012457C31	2	0	0	0	1	0	1	0
UPI00112506D1	2	0	0	1	1	0	0	0
UPI000FFC473F	2	1	0	0	0	0	0	1
UPI000E04DCA7	2	0	0	1	0	1	0	0
UPI000E03393E	2	0	1	0	0	0	2	0
UPI000DB6FB20	2	0	0	1	1	0	0	0
UPI000D22CD39	2	0	1	0	0	0	1	0
UPI000D2294ED	2	0	1	1	0	0	0	0
UPI000D22226F	2	0	1	0	0	0	1	0
UPI000D21D6AA	2	0	1	0	0	0	1	0
UPI000D21AE59	2	0	1	0	0	0	1	0
UPI000D214BD6	2	1	1	0	0	0	0	0
UPI000D2113A2	2	0	1	1	0	0	0	0
UPI000D20C4BC	2	0	1	1	0	0	0	0
UPI000B18B5C0	2	0	1	0	0	0	1	0
UPI000AB3B590	2	0	1	0	1	0	0	0
UPI000AA6F55E	2	0	1	1	0	0	0	0
UPI000AA320DE	2	0	1	1	0	0	0	0
UPI000A6FCE5F	2	0	1	0	0	0	1	0
UPI000A544F63	2	0	1	0	0	0	1	0
UPI000A31056A	2	0	0	1	3	0	0	0
UPI000A30908B	2	0	0	1	1	0	0	0
UPI0009EE63B6	2	1	0	0	0	0	0	1
UPI0009D709F9	2	0	0	0	1	1	0	0
UPI0009D6D303	2	0	0	0	1	1	0	0
UPI0009D6891B	2	0	0	1	1	0	0	0
UPI000849A47F	2	0	0	1	0	1	0	0
UPI00077C8F55	2	1	0	0	0	0	0	1
UPI00077C861B	2	1	0	0	0	0	0	1
UPI00077C6A35	2	1	0	0	0	0	0	1
UPI00077C6765	2	1	0	0	0	0	0	1
UPI00077C3978	2	1	0	0	0	0	0	1
UPI00077C3901	2	1	0	0	0	0	0	1
UPI0006742B43	2	0	0	0	1	1	0	0
UPI00059C6DD3	2	0	0	1	1	0	0	0
UPI00059BC0AF	2	0	0	1	1	0	0	0
UPI00046A38D5	2	1	0	0	0	0	0	1
UPI00046A363A	2	1	0	0	0	0	0	1
UPI00046A3166	2	1	0	0	0	0	0	1
UPI00046A2DE4	2	0	1	0	0	0	1	0
UPI000469C825	2	0	1	0	0	0	1	0
UPI000469BC2A	2	1	0	0	0	0	0	1
UPI000469877B	2	1	0	0	0	0	0	1
UPI000468CBC2	2	1	0	0	0	0	0	1
UPI000468A9D1	2	1	0	0	0	0	0	1
UPI00046860A8	2	1	0	0	0	0	0	1
UPI0004685653	2	1	0	0	0	0	0	1
UPI0004684820	2	1	0	0	0	0	0	1
UPI00046805AE	2	1	0	0	0	0	0	1
UPI00046801E2	2	1	0	0	0	0	0	1
UPI0003BFC1B7	2	0	0	1	0	1	0	0
UPI000313D5ED	2	0	1	1	0	0	0	0
UPI00030902E8	2	0	0	0	1	1	0	0
UPI000303C148	2	0	0	1	1	0	0	0
UPI0002F33089	2	0	0	1	1	0	0	0
UPI0002F194EB	2	0	0	1	1	0	0	0
UPI0002DC5EC6	2	0	1	0	0	0	1	0
UPI0002DC5C41	2	0	1	0	0	0	1	0
UPI0002D98BA1	2	0	1	1	0	0	0	0
UPI0001F5ABE0	2	0	0	0	1	0	1	0
UPI0001F5A767	2	0	0	1	0	0	1	0
UPI0001F5A766	2	0	0	1	0	0	1	0
UPI0001F5A605	2	0	1	0	0	0	1	0
UPI0001F5A4D2	2	0	1	0	0	0	1	0
UPI0001883E9F	2	0	0	0	1	0	1	0
UPI00015025CE	2	0	0	1	0	0	1	0
UPI000150257A	2	0	0	0	1	1	0	0
UPI0001502567	2	0	0	0	1	2	0	0
UPI0001502507	2	0	0	0	1	0	1	0
UPI00015024D6	2	0	0	1	1	0	0	0
UPI00015024A5	2	0	0	1	2	0	0	0
UPI0001502474	2	0	0	0	1	2	0	0
UPI0000F0B044	2	0	0	0	1	1	0	0
UPI0000F0B037	2	0	0	1	0	0	1	0
UPI0000F0B006	2	0	0	1	0	0	1	0
UPI0000F0A6CB	2	0	0	1	0	1	0	0
UPI0000ECFB0A	2	0	0	1	1	0	0	0
UPI0000ECFADD	2	0	0	0	1	0	1	0
UPI00005FCED9	2	0	1	0	0	0	1	0
UPI00005FCECB	2	0	0	1	0	0	1	0
UPI00005D151B	2	0	0	1	1	0	0	0
UPI00005D151A	2	0	0	1	1	0	0	0
UPI00005D1501	2	0	0	1	2	0	0	0
UPI00005D14FF	2	0	0	1	1	0	0	0
UPI00005D14FE	2	0	0	1	1	0	0	0
UPI00005D14EC	2	0	0	1	1	0	0	0
UPI00005D1466	2	0	0	0	1	1	0	0
UPI00005D1333	2	0	0	1	1	0	0	0
UPI00005D12EB	2	0	0	0	1	1	0	0
UPI00005D12E8	2	0	0	1	1	0	0	0
UPI00005D12E7	2	0	0	0	1	1	0	0
UPI00005D1280	2	0	0	0	1	1	0	0
UPI00005D1273	2	0	0	1	1	0	0	0
UPI00005D126F	2	0	0	1	1	0	0	0
UPI00005D113D	2	0	0	1	1	0	0	0
UPI00005D113C	2	0	0	1	1	0	0	0
UPI00005D1134	2	0	0	0	1	0	1	0
UPI00005D112D	2	0	0	1	1	0	0	0
UPI00005D111D	2	0	0	1	1	0	0	0
UPI00005D111B	2	0	0	1	1	0	0	0
UPI00005D111A	2	0	0	1	2	0	0	0
UPI00005D1116	2	0	0	1	1	0	0	0
UPI00005D1082	2	0	0	0	1	1	0	0
UPI00005D107C	2	0	0	0	1	1	0	0
UPI00005D1073	2	0	0	1	1	0	0	0
UPI00005D1072	2	0	0	1	1	0	0	0
UPI00005D0FF9	2	0	0	0	1	0	1	0
UPI00005D0F35	2	0	0	1	1	0	0	0
UPI00005D0F15	2	0	0	1	1	0	0	0
UPI00005D0ED7	2	0	0	0	1	1	0	0
UPI00005D0ECA	2	0	0	1	1	0	0	0
UPI00005D0E77	2	0	0	0	1	1	0	0
UPI00005D0E59	2	0	0	1	1	0	0	0
UPI00005D0D3F	2	0	0	0	1	0	1	0
UPI00005D0D36	2	0	0	1	1	0	0	0
UPI00005D0D35	2	0	0	1	1	0	0	0
UPI00005D0D34	2	0	0	1	1	0	0	0
UPI00005D0D33	2	0	0	0	1	0	1	0
UPI00005D0C7C	2	0	0	0	1	1	0	0
UPI00005D0C60	2	0	0	1	1	0	0	0
UPI00005D0B5E	2	0	0	0	1	1	0	0
UPI00005D0B57	2	0	0	1	1	0	0	0
UPI00005D0B3A	2	0	0	1	1	0	0	0
UPI00005D0AFB	2	0	0	0	1	1	0	0
UPI00005D0A9B	2	0	0	0	1	1	0	0
UPI00005D0A9A	2	0	0	0	1	1	0	0
UPI00005D0A65	2	0	0	1	1	0	0	0
UPI00005D0A55	2	0	0	0	1	0	1	0
UPI00005D0953	2	0	0	1	1	0	0	0
UPI00005D094A	2	0	0	0	1	0	1	0
UPI00005D089D	2	0	0	0	1	1	0	0
UPI00005D089C	2	0	0	0	1	1	0	0
UPI00005D088A	2	0	0	1	1	0	0	0
UPI00005D07FF	2	0	0	0	1	0	1	0
UPI00005D07D9	2	0	0	0	1	1	0	0
UPI00005D0439	2	0	0	1	1	0	0	0
UPI00005D0438	2	0	0	2	1	0	0	0
UPI00005D0420	2	0	0	1	1	0	0	0
UPI00005D041F	2	0	0	1	1	0	0	0
UPI00005D041E	2	0	0	1	1	0	0	0
UPI00005D0415	2	0	0	0	1	0	1	0
UPI00005D0410	2	0	0	0	1	0	1	0
UPI00005D040F	2	0	0	0	1	0	1	0
UPI00005D040A	2	0	0	1	1	0	0	0
UPI00005D0409	2	0	0	1	1	0	0	0
UPI00005D0408	2	0	0	1	1	0	0	0
UPI00005D0405	2	0	0	1	1	0	0	0
UPI00005D0404	2	0	0	2	1	0	0	0
UPI00005D0400	2	0	0	1	1	0	0	0
UPI00005D03E8	2	0	0	1	1	0	0	0
UPI00005D03E7	2	0	0	1	1	0	0	0
UPI00005D0307	2	0	0	1	1	0	0	0
UPI00005D0306	2	0	0	1	1	0	0	0
UPI00005D0305	2	0	0	1	1	0	0	0
UPI00005D0304	2	0	0	1	1	0	0	0
UPI00005D02F4	2	0	0	1	1	0	0	0
UPI00005D02F3	2	0	0	1	1	0	0	0
UPI00005D02F1	2	0	0	1	1	0	0	0
UPI00005D02F0	2	0	0	1	1	0	0	0
UPI00005D02EF	2	0	0	1	1	0	0	0
UPI00005D02DE	2	0	0	1	1	0	0	0
UPI00005D02DD	2	0	0	1	1	0	0	0
UPI00005D02C3	2	0	0	1	1	0	0	0
UPI00005D02C2	2	0	0	1	1	0	0	0
UPI00005D02C1	2	0	0	1	1	0	0	0
UPI00005D02C0	2	0	0	1	1	0	0	0
UPI00005D02BF	2	0	0	1	1	0	0	0
UPI00005D02BD	2	0	0	1	1	0	0	0
UPI00005D022C	2	0	0	0	1	1	0	0
UPI00005D010E	2	0	1	0	0	0	1	0
UPI00005D00F6	2	0	0	0	1	1	0	0
UPI00005D00F4	2	0	0	0	1	1	0	0
UPI00005D00DE	2	0	0	0	1	1	0	0
UPI00005D00D2	2	0	0	0	1	1	0	0
UPI00005D00C0	2	0	0	0	1	1	0	0
UPI00005D00BF	2	0	0	0	1	1	0	0
UPI00005D00BE	2	0	0	0	1	1	0	0
UPI00005CFFC5	2	0	0	0	1	0	1	0
UPI00005CFFC4	2	0	0	0	1	0	1	0
UPI00005CFFAD	2	0	0	0	1	0	1	0
UPI00005CFE76	2	0	0	1	1	0	0	0
UPI00005CFE6F	2	0	0	1	2	0	0	0
UPI00005CFE6E	2	0	0	1	2	0	0	0
UPI00005CFE5D	2	0	0	1	2	0	0	0
UPI00005CFD3F	2	0	0	0	1	1	0	0
UPI00005CFD3E	2	0	0	0	1	1	0	0
UPI00005CFD3D	2	0	0	0	1	1	0	0
UPI00005CFD3C	2	0	0	0	1	1	0	0
UPI00005CFD3B	2	0	0	0	1	1	0	0
UPI00005CFD33	2	0	0	0	1	1	0	0
UPI00005CFD32	2	0	0	0	1	1	0	0
UPI00005CFD2D	2	0	0	0	1	1	0	0
UPI00005CFD2C	2	0	0	0	1	1	0	0
UPI00005CFD2B	2	0	0	0	1	1	0	0
UPI00005CFD24	2	0	0	0	1	1	0	0
UPI00005CFD23	2	0	0	0	1	1	0	0
UPI00005CFD22	2	0	0	0	1	1	0	0
UPI00005CFD21	2	0	0	0	1	1	0	0
UPI00005CFCE3	2	0	0	1	1	0	0	0
UPI00005CFC78	2	0	0	1	1	0	0	0
UPI00005CFC6F	2	0	0	1	1	0	0	0
UPI00005CF811	2	0	0	0	1	0	1	0
UPI00005CF6FB	2	0	0	0	1	1	0	0
UPI00005CF6C5	2	0	1	0	0	0	1	0
UPI00002DB109	2	0	0	1	1	0	0	0
UPI00002BC469	2	0	0	1	1	0	0	0
UPI00002BB967	2	0	0	1	2	0	0	0
UPI0000283173	2	0	0	1	1	0	0	0
UPI0000268224	2	0	0	1	2	0	0	0
UPI000021C372	2	0	0	1	1	0	0	0
UPI000021C370	2	0	0	1	1	0	0	0
UPI00001B6B92	2	0	0	0	1	0	1	0
UPI00001B6B91	2	0	0	0	1	0	1	0
UPI00000BB23F	2	0	0	1	0	8	0	0
UPI003E6C77C6	1	0	0	1	0	0	0	0
UPI003E6AA96C	1	0	0	1	0	0	0	0
UPI003E687D9B	1	0	0	1	0	0	0	0
UPI003D7C134D	1	0	0	1	0	0	0	0
UPI003D7C1229	1	0	0	1	0	0	0	0
UPI003D7C1197	1	0	0	1	0	0	0	0
UPI003D7C0B23	1	0	0	1	0	0	0	0
UPI003D7C0A07	1	0	0	1	0	0	0	0
UPI003D7C0790	1	0	0	1	0	0	0	0
UPI003D7C06E2	1	0	0	1	0	0	0	0
UPI003D7C05A4	1	0	0	1	0	0	0	0
UPI003D7BFEB1	1	0	0	1	0	0	0	0
UPI003D7BF51C	1	0	0	1	0	0	0	0
UPI003D7BF3BE	1	0	0	1	0	0	0	0
UPI003D7BEEA2	1	0	0	1	0	0	0	0
UPI003D7BEE36	1	0	0	1	0	0	0	0
UPI003D7BEDF1	1	0	0	1	0	0	0	0
UPI003D7BEADA	1	0	0	1	0	0	0	0
UPI003D7BEA4C	1	0	0	1	0	0	0	0
UPI003D7BE2E1	1	0	0	1	0	0	0	0
UPI003D7BE1F4	1	0	0	1	0	0	0	0
UPI003D7BE05A	1	0	0	1	0	0	0	0
UPI003D7BDF4E	1	0	0	1	0	0	0	0
UPI003D7BD7CF	1	0	0	1	0	0	0	0
UPI003D7BD4A8	1	0	0	1	0	0	0	0
UPI003D7BCC85	1	0	0	1	0	0	0	0
UPI003D7BCC35	1	0	0	1	0	0	0	0
UPI003D7BCC2B	1	0	0	1	0	0	0	0
UPI003D7BC452	1	0	0	1	0	0	0	0
UPI003D7BBD18	1	0	0	1	0	0	0	0
UPI003D7BAC05	1	0	0	1	0	0	0	0
UPI003D7BAA0F	1	0	0	1	0	0	0	0
UPI003D7BA2E0	1	0	0	1	0	0	0	0
UPI003D7B9A7C	1	0	0	1	0	0	0	0
UPI003D7B98B5	1	0	0	1	0	0	0	0
UPI003D7B9521	1	0	0	1	0	0	0	0
UPI003D7B943C	1	0	0	1	0	0	0	0
UPI003D7B93B3	1	0	0	1	0	0	0	0
UPI003D7B910F	1	0	0	1	0	0	0	0
UPI003D7B9081	1	0	0	1	0	0	0	0
UPI003D7B904B	1	0	0	1	0	0	0	0
UPI003D7B8B66	1	0	0	1	0	0	0	0
UPI003D7B8710	1	0	0	1	0	0	0	0
UPI003D7B8346	1	0	0	1	0	0	0	0
UPI003D7B8118	1	0	0	1	0	0	0	0
UPI003D7B80F8	1	0	0	1	0	0	0	0
UPI003D7B80C9	1	0	0	1	0	0	0	0
UPI003D7B8084	1	0	0	1	0	0	0	0
UPI003D7B7FDA	1	0	0	1	0	0	0	0
UPI003D7B7F57	1	0	0	1	0	0	0	0
UPI003D7B7AAE	1	0	0	1	0	0	0	0
UPI003D7B7A3A	1	0	0	1	0	0	0	0
UPI003D7B7A12	1	0	0	1	0	0	0	0
UPI003D7B78CF	1	0	0	1	0	0	0	0
UPI003D7B753D	1	0	0	1	0	0	0	0
UPI003D7B73AC	1	0	0	1	0	0	0	0
UPI003D7B736A	1	0	0	1	0	0	0	0
UPI003D7B70A2	1	0	0	1	0	0	0	0
UPI003D7B7015	1	0	0	1	0	0	0	0
UPI003D7B6DC5	1	0	0	1	0	0	0	0
UPI003D7B6690	1	0	0	1	0	0	0	0
UPI003D7B6456	1	0	0	1	0	0	0	0
UPI003D7B6403	1	0	0	1	0	0	0	0
UPI003D7B60E6	1	0	0	1	0	0	0	0
UPI003D7B5EB8	1	0	0	1	0	0	0	0
UPI003D7B58B3	1	0	0	1	0	0	0	0
UPI003D7B553E	1	0	0	1	0	0	0	0
UPI003D7B5351	1	0	0	1	0	0	0	0
UPI003D7B527C	1	0	0	1	0	0	0	0
UPI003D7B51C4	1	0	0	1	0	0	0	0
UPI003D7B4C64	1	0	0	1	0	0	0	0
UPI003D7B44FF	1	0	0	1	0	0	0	0
UPI003D7B3E14	1	0	0	1	0	0	0	0
UPI003D7B3BBA	1	0	0	1	0	0	0	0
UPI003D7B387D	1	0	0	1	0	0	0	0
UPI003D7B3464	1	0	0	1	0	0	0	0
UPI003D7B318D	1	0	0	1	0	0	0	0
UPI003D7B2C8D	1	0	0	1	0	0	0	0
UPI003D7B2478	1	0	0	1	0	0	0	0
UPI003D7B2174	1	0	0	1	0	0	0	0
UPI003D7B2039	1	0	0	1	0	0	0	0
UPI003D7B18AC	1	0	0	1	0	0	0	0
UPI003D7B1804	1	0	0	1	0	0	0	0
UPI003D7B1768	1	0	0	1	0	0	0	0
UPI003D7B16CE	1	0	0	1	0	0	0	0
UPI003D7B1600	1	0	0	1	0	0	0	0
UPI003D7B0F1F	1	0	0	1	0	0	0	0
UPI003D7B0B06	1	0	0	1	0	0	0	0
UPI003D7B0740	1	0	0	1	0	0	0	0
UPI003D7B0508	1	0	0	1	0	0	0	0
UPI003D7B04A9	1	0	0	1	0	0	0	0
UPI003D7B03B4	1	0	0	1	0	0	0	0
UPI003D7B01CD	1	0	0	1	0	0	0	0
UPI003D7AFBDF	1	0	0	1	0	0	0	0
UPI003D7AFACE	1	0	0	1	0	0	0	0
UPI003D7AEBEB	1	0	0	1	0	0	0	0
UPI003D7AEB04	1	0	0	1	0	0	0	0
UPI003D7AE076	1	0	0	1	0	0	0	0
UPI003D7ADF9C	1	0	0	1	0	0	0	0
UPI003D7AD4DF	1	0	0	1	0	0	0	0
UPI003D7AD1EE	1	0	0	1	0	0	0	0
UPI003D7AC60D	1	0	0	1	0	0	0	0
UPI003D7AC424	1	0	0	1	0	0	0	0
UPI003D7AC00D	1	0	0	1	0	0	0	0
UPI003D7AB93B	1	0	0	1	0	0	0	0
UPI003D7AB02A	1	0	0	1	0	0	0	0
UPI003D7AAF8E	1	0	0	1	0	0	0	0
UPI003D7AAD73	1	0	0	1	0	0	0	0
UPI003D7AA8A5	1	0	0	1	0	0	0	0
UPI003D7AA670	1	0	0	1	0	0	0	0
UPI003D7AA418	1	0	0	1	0	0	0	0
UPI003D7AA095	1	0	0	1	0	0	0	0
UPI003D7A9FB9	1	0	0	1	0	0	0	0
UPI003D7A9B3B	1	0	0	1	0	0	0	0
UPI003D7A8699	1	0	0	1	0	0	0	0
UPI003D7A8605	1	0	0	1	0	0	0	0
UPI003D7A83B3	1	0	0	1	0	0	0	0
UPI003D7A7DD1	1	0	0	1	0	0	0	0
UPI003D7A760A	1	0	0	1	0	0	0	0
UPI003D7A7051	1	0	0	1	0	0	0	0
UPI003D7A67F5	1	0	0	1	0	0	0	0
UPI003D7A67F3	1	0	0	1	0	0	0	0
UPI003D7A66CC	1	0	0	1	0	0	0	0
UPI003D7A621A	1	0	0	1	0	0	0	0
UPI003D7A6133	1	0	0	1	0	0	0	0
UPI003D7A5BEF	1	0	0	1	0	0	0	0
UPI003D7A5A39	1	0	0	1	0	0	0	0
UPI003D7A4AC1	1	0	0	1	0	0	0	0
UPI003D7A4AA9	1	0	0	1	0	0	0	0
UPI003D7A4A5A	1	0	0	1	0	0	0	0
UPI003D7A4A10	1	0	0	1	0	0	0	0
UPI003D7A397E	1	0	0	1	0	0	0	0
UPI003D7A3764	1	0	0	1	0	0	0	0
UPI003D7A3485	1	0	0	1	0	0	0	0
UPI003D7A2B9C	1	0	0	1	0	0	0	0
UPI003D7A1FAF	1	0	0	1	0	0	0	0
UPI003D7A1CDE	1	0	0	1	0	0	0	0
UPI003D7A11C7	1	0	0	1	0	0	0	0
UPI003D7A102D	1	0	0	1	0	0	0	0
UPI003D7A0CAA	1	0	0	1	0	0	0	0
UPI003D7A0C7A	1	0	0	1	0	0	0	0
UPI003D7A08AD	1	0	0	1	0	0	0	0
UPI003D7A07E5	1	0	0	1	0	0	0	0
UPI003D7A0403	1	0	0	1	0	0	0	0
UPI003D79FF0E	1	0	0	1	0	0	0	0
UPI003D79F5A1	1	0	0	1	0	0	0	0
UPI003D79F5A0	1	0	0	1	0	0	0	0
UPI003D79F1D2	1	0	0	1	0	0	0	0
UPI003D79F000	1	0	0	1	0	0	0	0
UPI003D79EFCC	1	0	0	1	0	0	0	0
UPI003D79EF7E	1	0	0	1	0	0	0	0
UPI003D79E2C9	1	0	0	1	0	0	0	0
UPI003D79E0A8	1	0	0	1	0	0	0	0
UPI003D79DF4E	1	0	0	1	0	0	0	0
UPI003D79DBEE	1	0	0	1	0	0	0	0
UPI003D79D0E6	1	0	0	1	0	0	0	0
UPI003D79CFE1	1	0	0	1	0	0	0	0
UPI003D79CD99	1	0	0	1	0	0	0	0
UPI003D79CC96	1	0	0	1	0	0	0	0
UPI003D79CC88	1	0	0	1	0	0	0	0
UPI003D79C5C0	1	0	0	1	0	0	0	0
UPI003D79C583	1	0	0	1	0	0	0	0
UPI003D79C516	1	0	0	1	0	0	0	0
UPI003D79C434	1	0	0	1	0	0	0	0
UPI003D79C3D8	1	0	0	1	0	0	0	0
UPI003D79AED8	1	0	0	1	0	0	0	0
UPI003D79AC53	1	0	0	1	0	0	0	0
UPI003D79AC2E	1	0	0	1	0	0	0	0
UPI003D79AC11	1	0	0	1	0	0	0	0
UPI003D79A830	1	0	0	1	0	0	0	0
UPI003D79A7AC	1	0	0	1	0	0	0	0
UPI003D79A343	1	0	0	1	0	0	0	0
UPI003D799F48	1	0	0	1	0	0	0	0
UPI003D799F2E	1	0	0	1	0	0	0	0
UPI003D799DAB	1	0	0	1	0	0	0	0
UPI003D7999B2	1	0	0	1	0	0	0	0
UPI003D798D49	1	0	0	1	0	0	0	0
UPI003D798D40	1	0	0	1	0	0	0	0
UPI003D798B51	1	0	0	1	0	0	0	0
UPI003D7989E4	1	0	0	1	0	0	0	0
UPI003D7989D1	1	0	0	1	0	0	0	0
UPI003D798511	1	0	0	1	0	0	0	0
UPI003D798285	1	0	0	1	0	0	0	0
UPI003D79754F	1	0	0	1	0	0	0	0
UPI003D796FBF	1	0	0	1	0	0	0	0
UPI003D796DD1	1	0	0	1	0	0	0	0
UPI003D79650F	1	0	0	1	0	0	0	0
UPI003D795FEF	1	0	0	2	0	0	0	0
UPI003D795D59	1	0	0	1	0	0	0	0
UPI003D795AB1	1	0	0	1	0	0	0	0
UPI003D795A39	1	0	0	1	0	0	0	0
UPI003D7958BF	1	0	0	1	0	0	0	0
UPI003D795851	1	0	0	1	0	0	0	0
UPI003D79551D	1	0	0	1	0	0	0	0
UPI003D794F01	1	0	0	1	0	0	0	0
UPI003D794A07	1	0	0	1	0	0	0	0
UPI003D7947B8	1	0	0	1	0	0	0	0
UPI003D794418	1	0	0	1	0	0	0	0
UPI003D7937AA	1	0	0	1	0	0	0	0
UPI003D7935BF	1	0	0	1	0	0	0	0
UPI003D79344E	1	0	0	1	0	0	0	0
UPI003D79261B	1	0	0	1	0	0	0	0
UPI003D792389	1	0	0	1	0	0	0	0
UPI003D792253	1	0	0	1	0	0	0	0
UPI003D792131	1	0	0	1	0	0	0	0
UPI003D791FD6	1	0	0	1	0	0	0	0
UPI003D7919FA	1	0	0	1	0	0	0	0
UPI003D7911ED	1	0	0	1	0	0	0	0
UPI003D790A76	1	0	0	1	0	0	0	0
UPI003D7901FE	1	0	0	1	0	0	0	0
UPI003D78F05A	1	0	0	1	0	0	0	0
UPI003D78E4D1	1	0	0	1	0	0	0	0
UPI003D78E1F1	1	0	0	1	0	0	0	0
UPI003D78DC20	1	0	0	1	0	0	0	0
UPI003D78D7F2	1	0	0	1	0	0	0	0
UPI003D78D66F	1	0	0	1	0	0	0	0
UPI003D78D32B	1	0	0	1	0	0	0	0
UPI003D78D329	1	0	0	1	0	0	0	0
UPI003D78D0EB	1	0	0	1	0	0	0	0
UPI003D78D05A	1	0	0	1	0	0	0	0
UPI003D78CEE7	1	0	0	1	0	0	0	0
UPI003D78CE43	1	0	0	1	0	0	0	0
UPI003D78C4F0	1	0	0	1	0	0	0	0
UPI003D78C0B5	1	0	0	1	0	0	0	0
UPI003D78BF77	1	0	0	1	0	0	0	0
UPI003D78BD4A	1	0	0	1	0	0	0	0
UPI003D78BA74	1	0	0	1	0	0	0	0
UPI003D78B36D	1	0	0	1	0	0	0	0
UPI003746C7AF	1	0	0	1	0	0	0	0
UPI00372D269C	1	0	0	1	0	0	0	0
UPI0035E13C24	1	0	0	1	0	0	0	0
UPI003562D41E	1	0	0	1	0	0	0	0
UPI00318C87DE	1	0	0	1	0	0	0	0
UPI00313B950F	1	0	0	1	0	0	0	0
UPI00289090D0	1	0	0	1	0	0	0	0
UPI002867A7F7	1	0	0	0	0	0	1	0
UPI0028679551	1	0	0	0	0	0	1	0
UPI00286782AE	1	0	0	0	0	0	1	0
UPI0028677B69	1	0	0	0	0	0	1	0
UPI0028677812	1	0	0	0	0	0	1	0
UPI0028676FCE	1	0	0	0	0	0	1	0
UPI0028674F06	1	0	0	0	0	0	1	0
UPI0028672BFD	1	0	0	0	0	0	1	0
UPI0028670DC0	1	0	0	0	0	0	1	0
UPI0028670417	1	0	0	0	0	0	1	0
UPI002866F9D4	1	0	0	0	0	0	1	0
UPI002866F6BB	1	0	0	0	0	0	1	0
UPI002866F5F8	1	0	0	0	0	0	1	0
UPI002866EA8D	1	0	0	0	0	0	1	0
UPI002866D571	1	0	0	0	0	0	1	0
UPI002866B417	1	0	0	0	0	0	1	0
UPI002866B3FC	1	0	0	0	0	0	1	0
UPI0028669FB1	1	0	0	0	0	0	1	0
UPI0028668EA8	1	0	0	0	0	0	1	0
UPI0028667F6C	1	0	0	0	0	0	1	0
UPI0028667A5D	1	0	0	0	0	0	1	0
UPI0028666CF2	1	0	0	0	0	0	1	0
UPI002866579B	1	0	0	0	0	0	1	0
UPI0028663700	1	0	0	0	0	0	1	0
UPI0028662FF6	1	0	0	0	0	0	1	0
UPI002866292D	1	0	0	0	0	0	1	0
UPI002865FC68	1	0	0	0	0	0	1	0
UPI002865EC0A	1	0	0	0	0	0	1	0
UPI002865E908	1	0	0	0	0	0	1	0
UPI002865E354	1	0	0	0	0	0	1	0
UPI002865DC18	1	0	0	0	0	0	1	0
UPI002865C0D8	1	0	0	0	0	0	1	0
UPI002865A43C	1	0	0	0	0	0	1	0
UPI0028659AC2	1	0	0	0	0	0	1	0
UPI00286586BA	1	0	0	0	0	0	1	0
UPI0028656D84	1	0	0	0	0	0	1	0
UPI0028656AAC	1	0	0	0	0	0	1	0
UPI0028653A83	1	0	0	0	0	0	1	0
UPI0028653989	1	0	0	0	0	0	1	0
UPI0028652C5F	1	0	0	0	0	0	1	0
UPI002864CBCF	1	0	0	0	0	0	1	0
UPI002864C190	1	0	0	0	0	0	1	0
UPI002864AD0B	1	0	0	0	0	0	1	0
UPI0028649091	1	0	0	0	0	0	1	0
UPI002864850B	1	0	0	0	0	0	1	0
UPI0028646B7B	1	0	0	0	0	0	1	0
UPI0028644A86	1	0	0	0	0	0	1	0
UPI0028644829	1	0	0	0	0	0	1	0
UPI00286446FA	1	0	0	0	0	0	1	0
UPI002863FFAE	1	0	0	0	0	0	1	0
UPI002863FEEE	1	0	0	0	0	0	1	0
UPI002863ED17	1	0	0	0	0	0	1	0
UPI002863E6F8	1	0	0	0	0	0	1	0
UPI00286374EB	1	0	0	0	0	0	1	0
UPI002863597F	1	0	0	0	0	0	1	0
UPI0028634FA0	1	0	0	0	0	0	1	0
UPI00286335A8	1	0	0	0	0	0	1	0
UPI0028632EA7	1	0	0	0	0	0	1	0
UPI002863246F	1	0	0	0	0	0	1	0
UPI002863159B	1	0	0	0	0	0	1	0
UPI0028630FB8	1	0	0	0	0	0	1	0
UPI0028630B70	1	0	0	0	0	0	1	0
UPI002862D698	1	0	0	0	0	0	1	0
UPI002862CB38	1	0	0	0	0	0	1	0
UPI002862BECF	1	0	0	0	0	0	1	0
UPI002862B950	1	0	0	0	0	0	1	0
UPI002862AE95	1	0	0	0	0	0	1	0
UPI002862A24E	1	0	0	0	0	0	1	0
UPI0028629DF1	1	0	0	0	0	0	1	0
UPI0028629D32	1	0	0	0	0	0	1	0
UPI00286291CA	1	0	0	0	0	0	1	0
UPI00286282CA	1	0	0	0	0	0	1	0
UPI00286260A6	1	0	0	0	0	0	1	0
UPI002862441F	1	0	0	0	0	0	1	0
UPI00286243C6	1	0	0	0	0	0	1	0
UPI00286242D0	1	0	0	0	0	0	1	0
UPI0028623EEE	1	0	0	0	0	0	1	0
UPI0028622D83	1	0	0	0	0	0	1	0
UPI00286224AE	1	0	0	0	0	0	1	0
UPI0028620617	1	0	0	0	0	0	1	0
UPI002861F5C0	1	0	0	0	0	0	1	0
UPI002861EB97	1	0	0	0	0	0	1	0
UPI002861D182	1	0	0	0	0	0	1	0
UPI002861BF54	1	0	0	0	0	0	1	0
UPI002861B4E2	1	0	0	0	0	0	1	0
UPI002861A78A	1	0	0	0	0	0	1	0
UPI002861A03B	1	0	0	0	0	0	1	0
UPI0028617273	1	0	0	0	0	0	1	0
UPI002861464D	1	0	0	0	0	0	1	0
UPI0028611499	1	0	0	0	0	0	1	0
UPI002861134C	1	0	0	0	0	0	1	0
UPI0028610E57	1	0	0	0	0	0	1	0
UPI002860ECE1	1	0	0	0	0	0	1	0
UPI002860EA5E	1	0	0	0	0	0	1	0
UPI002860D27C	1	0	0	0	0	0	1	0
UPI002860C76A	1	0	0	0	0	0	1	0
UPI002860C613	1	0	0	0	0	0	1	0
UPI002860A3D9	1	0	0	0	0	0	1	0
UPI00286098F7	1	0	0	0	0	0	1	0
UPI002860887F	1	0	0	0	0	0	1	0
UPI0028607D1A	1	0	0	0	0	0	1	0
UPI002860734F	1	0	0	0	0	0	1	0
UPI00286059DB	1	0	0	0	0	0	1	0
UPI00286037EB	1	0	0	0	0	0	1	0
UPI0028603161	1	0	0	0	0	0	1	0
UPI0028600627	1	0	0	0	0	0	1	0
UPI0028600121	1	0	0	0	0	0	1	0
UPI00285FEC33	1	0	0	0	0	0	1	0
UPI00285FE840	1	0	0	0	0	0	1	0
UPI00285FBE62	1	0	0	0	0	0	1	0
UPI00285FA626	1	0	0	0	0	0	1	0
UPI00285F9F88	1	0	0	0	0	0	1	0
UPI00285F9D80	1	0	0	0	0	0	1	0
UPI00285F8BF5	1	0	0	0	0	0	1	0
UPI00285F82EB	1	0	0	0	0	0	1	0
UPI00285F5039	1	0	0	0	0	0	1	0
UPI00285F2522	1	0	0	0	0	0	1	0
UPI00285F1D51	1	0	0	0	0	0	1	0
UPI00285F059E	1	0	0	0	0	0	1	0
UPI00285EF1D0	1	0	0	0	0	0	1	0
UPI00285EC069	1	0	0	0	0	0	1	0
UPI00285EB168	1	0	0	0	0	0	1	0
UPI00285E9A43	1	0	0	0	0	0	1	0
UPI00285E8F11	1	0	0	0	0	0	1	0
UPI00285E7A0D	1	0	0	0	0	0	1	0
UPI00285E77C8	1	0	0	0	0	0	1	0
UPI00285E7226	1	0	0	0	0	0	1	0
UPI00285E6D26	1	0	0	0	0	0	1	0
UPI00285E57CB	1	0	0	0	0	0	1	0
UPI00285E5499	1	0	0	0	0	0	1	0
UPI00285E412C	1	0	0	0	0	0	1	0
UPI00285E2C56	1	0	0	0	0	0	1	0
UPI00285DF39F	1	0	0	0	0	0	1	0
UPI00285DE9E5	1	0	0	0	0	0	1	0
UPI00285DCE11	1	0	0	0	0	0	1	0
UPI00285DBB8A	1	0	0	0	0	0	1	0
UPI00285D8841	1	0	0	0	0	0	1	0
UPI00285D851F	1	0	0	0	0	0	1	0
UPI00285D8113	1	0	0	0	0	0	1	0
UPI00285D803E	1	0	0	0	0	0	1	0
UPI00285D5C30	1	0	0	0	0	0	1	0
UPI00285D5689	1	0	0	0	0	0	1	0
UPI00285D51C4	1	0	0	0	0	0	1	0
UPI00285D2DA1	1	0	0	0	0	0	1	0
UPI00285D163A	1	0	0	0	0	0	1	0
UPI00285D1355	1	0	0	0	0	0	1	0
UPI00285D0F57	1	0	0	0	0	0	1	0
UPI00285D0BC7	1	0	0	0	0	0	1	0
UPI00285D0903	1	0	0	0	0	0	1	0
UPI00285CF4C3	1	0	0	0	0	0	1	0
UPI00285CC621	1	0	0	0	0	0	1	0
UPI00285C8F6A	1	0	0	0	0	0	1	0
UPI00285C699D	1	0	0	0	0	0	1	0
UPI00285C51D9	1	0	0	0	0	0	1	0
UPI00285C2EB9	1	0	0	0	0	0	1	0
UPI00285C27FE	1	0	0	0	0	0	1	0
UPI00285C052E	1	0	0	0	0	0	1	0
UPI00285BF7AB	1	0	0	0	0	0	1	0
UPI00285BE836	1	0	0	0	0	0	1	0
UPI00285BC28E	1	0	0	0	0	0	1	0
UPI00285BB3F7	1	0	0	0	0	0	1	0
UPI00285B88CE	1	0	0	0	0	0	1	0
UPI00285B846B	1	0	0	0	0	0	1	0
UPI00285B444B	1	0	0	0	0	0	1	0
UPI00285B4164	1	0	0	0	0	0	1	0
UPI00285B3C75	1	0	0	0	0	0	1	0
UPI00285B3078	1	0	0	0	0	0	1	0
UPI00285B2256	1	0	0	0	0	0	1	0
UPI00285AD5CF	1	0	0	0	0	0	1	0
UPI00285ACD9E	1	0	0	0	0	0	1	0
UPI00285AC76C	1	0	0	0	0	0	1	0
UPI00285AC3ED	1	0	0	0	0	0	1	0
UPI00285AADBA	1	0	0	0	0	0	1	0
UPI00285A8581	1	0	0	0	0	0	1	0
UPI00285A801C	1	0	0	0	0	0	1	0
UPI00285A74D4	1	0	0	0	0	0	1	0
UPI00285A6CD3	1	0	0	0	0	0	1	0
UPI00285A6954	1	0	0	0	0	0	1	0
UPI00285A5E8B	1	0	0	0	0	0	1	0
UPI00285A5CA7	1	0	0	0	0	0	1	0
UPI00285A5B26	1	0	0	0	0	0	1	0
UPI00285A57BD	1	0	0	0	0	0	1	0
UPI00285A5618	1	0	0	0	0	0	1	0
UPI00285A4C09	1	0	0	0	0	0	1	0
UPI00285A40FE	1	0	0	0	0	0	1	0
UPI00285A2F8B	1	0	0	0	0	0	1	0
UPI00285A2CE6	1	0	0	0	0	0	1	0
UPI00285A263A	1	0	0	0	0	0	1	0
UPI00285A2332	1	0	0	0	0	0	1	0
UPI00285A132B	1	0	0	0	0	0	1	0
UPI002859F391	1	0	0	0	0	0	1	0
UPI002859D382	1	0	0	0	0	0	1	0
UPI002859D27B	1	0	0	0	0	0	1	0
UPI002859C4C9	1	0	0	0	0	0	1	0
UPI002859A13E	1	0	0	0	0	0	1	0
UPI00285996EB	1	0	0	0	0	0	1	0
UPI00285992EC	1	0	0	0	0	0	1	0
UPI00285971FC	1	0	0	0	0	0	1	0
UPI002859717A	1	0	0	0	0	0	1	0
UPI002859589F	1	0	0	0	0	0	1	0
UPI0028593E1E	1	0	0	0	0	0	1	0
UPI00285930B5	1	0	0	0	0	0	1	0
UPI0028590436	1	0	0	0	0	0	1	0
UPI002858DCAB	1	0	0	0	0	0	1	0
UPI002858CEDB	1	0	0	0	0	0	1	0
UPI0028589749	1	0	0	0	0	0	1	0
UPI00285895EA	1	0	0	0	0	0	1	0
UPI0028589143	1	0	0	0	0	0	1	0
UPI002858600E	1	0	0	0	0	0	1	0
UPI0028585621	1	0	0	0	0	0	1	0
UPI00285836D8	1	0	0	0	0	0	1	0
UPI00285833BB	1	0	0	0	0	0	1	0
UPI0028582201	1	0	0	0	0	0	1	0
UPI00285820F9	1	0	0	0	0	0	1	0
UPI0028580757	1	0	0	0	0	0	1	0
UPI00285806AC	1	0	0	0	0	0	1	0
UPI002857FDDB	1	0	0	0	0	0	1	0
UPI002857F932	1	0	0	0	0	0	1	0
UPI002857F916	1	0	0	0	0	0	1	0
UPI002857E8DF	1	0	0	0	0	0	1	0
UPI002857D965	1	0	0	0	0	0	1	0
UPI002857B7EE	1	0	0	0	0	0	1	0
UPI002857B208	1	0	0	0	0	0	1	0
UPI002857A0A7	1	0	0	0	0	0	1	0
UPI0028578F52	1	0	0	0	0	0	1	0
UPI002857824C	1	0	0	0	0	0	1	0
UPI00285766BD	1	0	0	0	0	0	1	0
UPI00285763E1	1	0	0	0	0	0	1	0
UPI0028570D95	1	0	0	0	0	0	1	0
UPI0028570A89	1	0	0	0	0	0	1	0
UPI002856FFBA	1	0	0	0	0	0	1	0
UPI002856FC46	1	0	0	0	0	0	1	0
UPI002856F29D	1	0	0	0	0	0	1	0
UPI002856D320	1	0	0	0	0	0	1	0
UPI002856D171	1	0	0	0	0	0	1	0
UPI002856BD1A	1	0	0	0	0	0	1	0
UPI002856A91E	1	0	0	0	0	0	1	0
UPI0028568B98	1	0	0	0	0	0	1	0
UPI0028568358	1	0	0	0	0	0	1	0
UPI0028566C20	1	0	0	0	0	0	1	0
UPI0028566949	1	0	0	0	0	0	1	0
UPI0028565E44	1	0	0	0	0	0	1	0
UPI0028563EBE	1	0	0	0	0	0	1	0
UPI0028563B7D	1	0	0	0	0	0	1	0
UPI002856264B	1	0	0	0	0	0	1	0
UPI002855FC13	1	0	0	0	0	0	1	0
UPI002855FBF3	1	0	0	0	0	0	1	0
UPI002855E31C	1	0	0	0	0	0	1	0
UPI002855ABB7	1	0	0	0	0	0	1	0
UPI002855A5F8	1	0	0	0	0	0	1	0
UPI00285583C5	1	0	0	0	0	0	1	0
UPI0028558306	1	0	0	0	0	0	1	0
UPI0028556FCC	1	0	0	0	0	0	1	0
UPI00285566B7	1	0	0	0	0	0	1	0
UPI002855554B	1	0	0	0	0	0	1	0
UPI0028554402	1	0	0	0	0	0	1	0
UPI00285539A2	1	0	0	0	0	0	1	0
UPI002855343D	1	0	0	0	0	0	1	0
UPI002854BC81	1	0	0	0	0	0	1	0
UPI0028547477	1	0	0	0	0	0	1	0
UPI0028546CB0	1	0	0	0	0	0	1	0
UPI002854632D	1	0	0	0	0	0	1	0
UPI0028543952	1	0	0	0	0	0	1	0
UPI0026D56FC7	1	0	0	1	0	0	0	0
UPI0024A76210	1	0	0	1	0	0	0	0
UPI00244D1CD8	1	0	0	1	0	0	0	0
UPI00244B53F8	1	0	0	1	0	0	0	0
UPI00244A9D2B	1	0	0	1	0	0	0	0
UPI002449EC25	1	0	0	1	0	0	0	0
UPI002449BECF	1	0	0	1	0	0	0	0
UPI002448D5DE	1	0	0	1	0	0	0	0
UPI002446A0FD	1	0	0	1	0	0	0	0
UPI0024326873	1	0	0	1	0	0	0	0
UPI00242BA0C4	1	0	0	0	0	0	1	0
UPI0021DB7DF9	1	0	0	1	0	0	0	0
UPI0021DB721B	1	0	0	1	0	0	0	0
UPI0021DB44EE	1	0	0	1	0	0	0	0
UPI0021DB419F	1	0	0	1	0	0	0	0
UPI0021DB3F45	1	0	0	1	0	0	0	0
UPI0021DB1BD9	1	0	0	1	0	0	0	0
UPI0021DB19E0	1	0	0	0	0	0	1	0
UPI0021DB1211	1	0	0	1	0	0	0	0
UPI0021DB0E90	1	0	0	1	0	0	0	0
UPI0021DADB62	1	0	0	1	0	0	0	0
UPI0021DAD96B	1	0	0	1	0	0	0	0
UPI0021DACA3E	1	0	0	1	0	0	0	0
UPI0021DAB6F2	1	0	0	1	0	0	0	0
UPI0021DA99B5	1	0	0	1	0	0	0	0
UPI0021DA9645	1	0	0	1	0	0	0	0
UPI0021DA865F	1	0	0	1	0	0	0	0
UPI0021DA829E	1	0	0	1	0	0	0	0
UPI0021DA6F0E	1	0	0	1	0	0	0	0
UPI0021DA56B3	1	0	0	1	0	0	0	0
UPI0021DA5243	1	0	0	1	0	0	0	0
UPI0021DA39B3	1	0	0	1	0	0	0	0
UPI0021DA389E	1	0	0	0	0	0	1	0
UPI0021DA3571	1	0	0	1	0	0	0	0
UPI0021DA2258	1	0	0	1	0	0	0	0
UPI0021DA1B5D	1	0	0	1	0	0	0	0
UPI0021D9F38D	1	0	0	1	0	0	0	0
UPI0021D9E5A5	1	0	0	1	0	0	0	0
UPI0021D9DA51	1	0	0	1	0	0	0	0
UPI0021D9BA04	1	0	0	1	0	0	0	0
UPI0021D9A6B7	1	0	0	1	0	0	0	0
UPI0021D99355	1	0	0	1	0	0	0	0
UPI0021D958EF	1	0	0	1	0	0	0	0
UPI0021D9528E	1	0	0	1	0	0	0	0
UPI0021D916A9	1	0	0	1	0	0	0	0
UPI0021D8AB46	1	0	0	1	0	0	0	0
UPI0021D87F8F	1	0	0	1	0	0	0	0
UPI0021D8761C	1	0	0	1	0	0	0	0
UPI0021D86BB2	1	0	0	1	0	0	0	0
UPI0021D85C27	1	0	0	1	0	0	0	0
UPI0021D85B37	1	0	0	1	0	0	0	0
UPI0021D8514D	1	0	0	1	0	0	0	0
UPI0021D7FFB6	1	0	0	1	0	0	0	0
UPI0021C24EB6	1	0	0	0	0	1	0	0
UPI0021C24D38	1	0	0	0	0	1	0	0
UPI0021C244C6	1	0	0	0	0	1	0	0
UPI0021C243BA	1	0	0	0	0	1	0	0
UPI0021C241F5	1	0	0	0	0	1	0	0
UPI0021C2378C	1	0	0	0	0	1	0	0
UPI0021C23445	1	0	0	0	0	1	0	0
UPI0021C22BD2	1	0	0	0	0	1	0	0
UPI0021C22944	1	0	0	0	0	1	0	0
UPI0021C22940	1	0	0	0	0	1	0	0
UPI0021C227BC	1	0	0	0	0	1	0	0
UPI0021C226D8	1	0	0	0	0	1	0	0
UPI0021C22396	1	0	0	0	0	1	0	0
UPI0021C222DB	1	0	0	0	0	2	0	0
UPI0021C2208B	1	0	0	0	0	1	0	0
UPI0021C21CE8	1	0	0	0	0	1	0	0
UPI0021C218F0	1	0	0	0	0	1	0	0
UPI0021C2133A	1	0	0	0	0	1	0	0
UPI0021C21257	1	0	0	0	0	1	0	0
UPI0021C2044F	1	0	0	0	0	1	0	0
UPI0021C202ED	1	0	0	0	0	1	0	0
UPI0021C1F835	1	0	0	0	0	1	0	0
UPI0021C1F7F4	1	0	0	0	0	1	0	0
UPI0021C1E66E	1	0	0	0	0	1	0	0
UPI0021C1DD46	1	0	0	0	0	1	0	0
UPI0021C1D76E	1	0	0	0	0	1	0	0
UPI0021C1C7AF	1	0	0	0	0	1	0	0
UPI0021C1C5FA	1	0	0	0	0	1	0	0
UPI0021C1C4AF	1	0	0	0	0	2	0	0
UPI0021C1B9A8	1	0	0	0	0	1	0	0
UPI0021C1B81B	1	0	0	0	0	1	0	0
UPI0021C1A33A	1	0	0	0	0	1	0	0
UPI0021C1A26F	1	0	0	0	0	1	0	0
UPI0021C1A1F2	1	0	0	0	0	1	0	0
UPI0021C19902	1	0	0	0	0	1	0	0
UPI0021C196BE	1	0	0	0	0	1	0	0
UPI0021C19031	1	0	0	0	0	1	0	0
UPI0021C18F5A	1	0	0	0	0	1	0	0
UPI0021C186B3	1	0	0	0	0	1	0	0
UPI0021C18159	1	0	0	0	0	1	0	0
UPI0021C17ED9	1	0	0	0	0	1	0	0
UPI0021C179EF	1	0	0	0	0	1	0	0
UPI0021C176F4	1	0	0	0	0	1	0	0
UPI0021C17171	1	0	0	0	0	1	0	0
UPI0021C16FA5	1	0	0	0	0	1	0	0
UPI0021C16DE3	1	0	0	0	0	1	0	0
UPI0021C16AB7	1	0	0	0	0	1	0	0
UPI0021C167D7	1	0	0	0	0	1	0	0
UPI0021C163C0	1	0	0	0	0	1	0	0
UPI0021C16043	1	0	0	0	0	1	0	0
UPI0021C15EB6	1	0	0	0	0	1	0	0
UPI0021C159A7	1	0	0	0	0	1	0	0
UPI0021C15162	1	0	0	0	0	1	0	0
UPI0021C14AC1	1	0	0	0	0	1	0	0
UPI0021C14871	1	0	0	0	0	1	0	0
UPI0021C13054	1	0	0	0	0	1	0	0
UPI0021C12EA0	1	0	0	0	0	1	0	0
UPI0021C12C48	1	0	0	0	0	1	0	0
UPI0021C12BBF	1	0	0	0	0	1	0	0
UPI0021C12926	1	0	0	0	0	2	0	0
UPI0021C1152E	1	0	0	0	0	1	0	0
UPI0021C109DE	1	0	0	0	0	1	0	0
UPI0021C10333	1	0	0	0	0	1	0	0
UPI0021C0EE07	1	0	0	0	0	1	0	0
UPI0021C0ED6D	1	0	0	0	0	1	0	0
UPI0021C0E66B	1	0	0	0	0	1	0	0
UPI0021C0DEE6	1	0	0	0	0	1	0	0
UPI0021C0D8FC	1	0	0	0	0	1	0	0
UPI0021C0CFD2	1	0	0	0	0	1	0	0
UPI0021C0C24D	1	0	0	0	0	1	0	0
UPI0021C0BF5B	1	0	0	0	0	1	0	0
UPI0021C0B863	1	0	0	0	0	1	0	0
UPI0021C0B07A	1	0	0	0	0	1	0	0
UPI0021C0AB0F	1	0	0	0	0	1	0	0
UPI0021C09BFC	1	0	0	0	0	1	0	0
UPI0021C09494	1	0	0	0	0	1	0	0
UPI0021C08E9D	1	0	0	0	0	2	0	0
UPI0021C084F9	1	0	0	0	0	6	0	0
UPI0021C0825F	1	0	0	0	0	1	0	0
UPI0021C0822E	1	0	0	0	0	1	0	0
UPI0021C07B95	1	0	0	0	0	1	0	0
UPI0021C07774	1	0	0	0	0	1	0	0
UPI0021C074CC	1	0	0	0	0	1	0	0
UPI0021C073BB	1	0	0	0	0	1	0	0
UPI0021C072FF	1	0	0	0	0	1	0	0
UPI0021C0727E	1	0	0	0	0	1	0	0
UPI0021C06E3B	1	0	0	0	0	1	0	0
UPI0021C065FA	1	0	0	0	0	1	0	0
UPI0021C06067	1	0	0	0	0	1	0	0
UPI0021C05462	1	0	0	0	0	1	0	0
UPI0021C04F7E	1	0	0	0	0	1	0	0
UPI0021C04B6D	1	0	0	0	0	1	0	0
UPI0021C0436E	1	0	0	0	0	2	0	0
UPI0021C03AAC	1	0	0	0	0	1	0	0
UPI0021C039B2	1	0	0	0	0	1	0	0
UPI0021C03770	1	0	0	0	0	1	0	0
UPI0021C033FF	1	0	0	0	0	1	0	0
UPI0021C02BC7	1	0	0	0	0	1	0	0
UPI0021C02B14	1	0	0	0	0	1	0	0
UPI0021C0284B	1	0	0	0	0	1	0	0
UPI0021C027B7	1	0	0	0	0	1	0	0
UPI0021C024C9	1	0	0	0	0	1	0	0
UPI0021C022B9	1	0	0	0	0	1	0	0
UPI0021C017AD	1	0	0	0	0	1	0	0
UPI0021C016C9	1	0	0	0	0	1	0	0
UPI0021C010C5	1	0	0	0	0	1	0	0
UPI0021C00EBF	1	0	0	0	0	1	0	0
UPI0021C005A7	1	0	0	0	0	1	0	0
UPI0021BFFDF7	1	0	0	0	0	1	0	0
UPI0021BFF3C3	1	0	0	0	0	1	0	0
UPI0021BFE912	1	0	0	0	0	1	0	0
UPI0021BFE6C1	1	0	0	0	0	1	0	0
UPI0021BFE05A	1	0	0	0	0	1	0	0
UPI0021BFD70C	1	0	0	0	0	1	0	0
UPI0021BFCEE3	1	0	0	0	0	1	0	0
UPI0021BFCE97	1	0	0	0	0	1	0	0
UPI0021BFC97F	1	0	0	0	0	1	0	0
UPI0021BFC737	1	0	0	0	0	1	0	0
UPI0021BFC3FC	1	0	0	0	0	1	0	0
UPI0021BFB188	1	0	0	0	0	1	0	0
UPI0021BFB0EA	1	0	0	0	0	1	0	0
UPI0021BF94E5	1	0	0	0	0	1	0	0
UPI0021BF93E1	1	0	0	0	0	1	0	0
UPI0021BF901D	1	0	0	0	0	1	0	0
UPI0021BF8D37	1	0	0	0	0	1	0	0
UPI0021BF8CE0	1	0	0	0	0	1	0	0
UPI0021BF7E45	1	0	0	0	0	1	0	0
UPI0021BF6E7F	1	0	0	0	0	1	0	0
UPI0021BF6B1C	1	0	0	0	0	1	0	0
UPI0021BF676A	1	0	0	0	0	1	0	0
UPI0021BF5CD6	1	0	0	0	0	1	0	0
UPI0021BF5BA1	1	0	0	0	0	6	0	0
UPI0021BF4EE3	1	0	0	0	0	1	0	0
UPI0021BF46BA	1	0	0	0	0	2	0	0
UPI0021BF326E	1	0	0	0	0	1	0	0
UPI0021BF2C8A	1	0	0	0	0	1	0	0
UPI0021BF287D	1	0	0	0	0	1	0	0
UPI0021BF27DB	1	0	0	0	0	1	0	0
UPI0021BF240A	1	0	0	0	0	1	0	0
UPI0021BF22C1	1	0	0	0	0	1	0	0
UPI0021BF20ED	1	0	0	0	0	1	0	0
UPI0021BF0B36	1	0	0	0	0	2	0	0
UPI0021BEFD5B	1	0	0	0	0	1	0	0
UPI0021BEF6F2	1	0	0	0	0	1	0	0
UPI0021BEF6D6	1	0	0	0	0	1	0	0
UPI0021BEF2D3	1	0	0	0	0	1	0	0
UPI0021BEEFE3	1	0	0	0	0	1	0	0
UPI0021BEEA93	1	0	0	0	0	1	0	0
UPI0021BEE86B	1	0	0	0	0	1	0	0
UPI0021BEDDCD	1	0	0	0	0	1	0	0
UPI0021BEDC85	1	0	0	0	0	2	0	0
UPI0021BEDB3C	1	0	0	0	0	1	0	0
UPI0021BED53C	1	0	0	0	0	2	0	0
UPI0021BED330	1	0	0	0	0	1	0	0
UPI0021BEC8AB	1	0	0	0	0	1	0	0
UPI0021BEC4AB	1	0	0	0	0	1	0	0
UPI0021BEC33B	1	0	0	0	0	1	0	0
UPI0021BEBF37	1	0	0	0	0	1	0	0
UPI0021BEBD5F	1	0	0	0	0	1	0	0
UPI0021BEB767	1	0	0	0	0	1	0	0
UPI0021BEB26E	1	0	0	0	0	1	0	0
UPI0021BEA95D	1	0	0	0	0	2	0	0
UPI0021BEA0DC	1	0	0	0	0	1	0	0
UPI0021BE9586	1	0	0	0	0	1	0	0
UPI0021BE92E2	1	0	0	0	0	1	0	0
UPI0021BE887C	1	0	0	0	0	1	0	0
UPI0021BE7ED6	1	0	0	0	0	1	0	0
UPI0021BE71E6	1	0	0	0	0	1	0	0
UPI0021BE6B60	1	0	0	0	0	1	0	0
UPI0021BE65E6	1	0	0	0	0	1	0	0
UPI0021BE5E8A	1	0	0	0	0	1	0	0
UPI0021BE5A94	1	0	0	0	0	1	0	0
UPI0021BE5252	1	0	0	0	0	1	0	0
UPI0021BE487C	1	0	0	0	0	1	0	0
UPI0021BE431F	1	0	0	0	0	1	0	0
UPI0021BE35C3	1	0	0	0	0	1	0	0
UPI0021BE2C51	1	0	0	0	0	1	0	0
UPI0021BE2B6E	1	0	0	0	0	1	0	0
UPI0021BE2957	1	0	0	0	0	1	0	0
UPI0021BE2884	1	0	0	0	0	1	0	0
UPI0021BE22DD	1	0	0	0	0	1	0	0
UPI0021BE2043	1	0	0	0	0	1	0	0
UPI0021BE0954	1	0	0	0	0	1	0	0
UPI0021BE0947	1	0	0	0	0	1	0	0
UPI0021BE08AC	1	0	0	0	0	2	0	0
UPI0021BE03FC	1	0	0	0	0	1	0	0
UPI0021BDFE46	1	0	0	0	0	1	0	0
UPI0021BDF4A8	1	0	0	0	0	1	0	0
UPI0021BA94B7	1	0	0	1	0	0	0	0
UPI00217F0893	1	0	0	1	0	0	0	0
UPI00217F0822	1	0	0	1	0	0	0	0
UPI00217EBC6B	1	0	0	1	0	0	0	0
UPI00217EBA37	1	0	0	1	0	0	0	0
UPI00217EAC7B	1	0	0	1	0	0	0	0
UPI00217EA4D8	1	0	0	1	0	0	0	0
UPI00217E8370	1	0	0	0	0	2	0	0
UPI00217E5997	1	0	0	1	0	0	0	0
UPI00217E2356	1	0	0	0	0	2	0	0
UPI00217E0D16	1	0	0	1	0	0	0	0
UPI00217E0D14	1	0	0	0	0	1	0	0
UPI00217DAE15	1	0	0	1	0	0	0	0
UPI00217D888A	1	0	0	0	0	2	0	0
UPI00217D6B54	1	0	0	1	0	0	0	0
UPI00217D3E38	1	0	0	1	0	0	0	0
UPI00217D2A81	1	0	0	1	0	0	0	0
UPI00217D26C6	1	0	0	0	0	1	0	0
UPI00217D2366	1	0	0	0	0	0	1	0
UPI00217D095C	1	0	0	1	0	0	0	0
UPI00217D06D6	1	0	0	1	0	0	0	0
UPI00217CF5DF	1	0	0	1	0	0	0	0
UPI00217CDE7F	1	0	0	1	0	0	0	0
UPI00216A8E84	1	0	0	1	0	0	0	0
UPI00216A8318	1	0	0	1	0	0	0	0
UPI002169C239	1	0	0	1	0	0	0	0
UPI002168E3C3	1	0	0	1	0	0	0	0
UPI002167FBFE	1	0	0	1	0	0	0	0
UPI0021672064	1	0	0	1	0	0	0	0
UPI002166F2E2	1	0	0	1	0	0	0	0
UPI00215D6A51	1	0	0	0	0	1	0	0
UPI00201094EE	1	0	0	1	0	0	0	0
UPI0020107B21	1	0	0	1	0	0	0	0
UPI0020106BC9	1	0	0	1	0	0	0	0
UPI0020102D8D	1	0	0	1	0	0	0	0
UPI002010020B	1	0	0	1	0	0	0	0
UPI00200FC9CB	1	0	0	2	0	0	0	0
UPI00200FAE32	1	0	0	1	0	0	0	0
UPI00200F822B	1	0	0	1	0	0	0	0
UPI00200F25EC	1	0	0	1	0	0	0	0
UPI00200F1FCA	1	0	0	1	0	0	0	0
UPI00200ED1D5	1	0	0	1	0	0	0	0
UPI00200EB55E	1	0	0	1	0	0	0	0
UPI00200E996B	1	0	0	1	0	0	0	0
UPI00200E93BA	1	0	0	1	0	0	0	0
UPI00200E41A0	1	0	0	1	0	0	0	0
UPI00200E374B	1	0	0	1	0	0	0	0
UPI00200DE8FA	1	0	0	1	0	0	0	0
UPI00200DBF2E	1	0	0	1	0	0	0	0
UPI00200D9C42	1	0	0	2	0	0	0	0
UPI00200D83F2	1	0	0	2	0	0	0	0
UPI00200D1F3D	1	0	0	1	0	0	0	0
UPI00200D1C4B	1	0	0	1	0	0	0	0
UPI00200C50FE	1	0	0	1	0	0	0	0
UPI00200C1245	1	0	0	1	0	0	0	0
UPI00200BF1CE	1	0	0	2	0	0	0	0
UPI00200BCA7D	1	0	0	1	0	0	0	0
UPI002006D5F8	1	0	0	0	0	1	0	0
UPI0020062FD0	1	0	0	0	0	1	0	0
UPI0020056845	1	0	0	0	0	0	1	0
UPI00200555B5	1	0	0	0	0	1	0	0
UPI0020051C79	1	0	0	0	0	1	0	0
UPI002004D563	1	0	0	1	0	0	0	0
UPI002004C3E8	1	0	0	0	0	0	1	0
UPI00200485CD	1	0	0	1	0	0	0	0
UPI002004807F	1	0	0	0	0	0	1	0
UPI002003D2BF	1	0	0	1	0	0	0	0
UPI002003C32D	1	0	0	0	0	0	1	0
UPI0020031A94	1	0	0	0	0	1	0	0
UPI00200309D7	1	0	0	0	0	1	0	0
UPI002002F78E	1	0	0	0	0	1	0	0
UPI002002D949	1	0	0	1	0	0	0	0
UPI001F553FD3	1	0	0	0	0	1	0	0
UPI001D0D45E6	1	0	0	0	0	1	0	0
UPI001CD6B2ED	1	0	0	0	0	1	0	0
UPI001CC766F0	1	0	0	1	0	0	0	0
UPI001CC3FED2	1	0	0	1	0	0	0	0
UPI001CC3DF19	1	0	0	1	0	0	0	0
UPI001C5BCB6C	1	0	0	0	0	0	1	0
UPI001C5AD63C	1	0	0	0	0	0	1	0
UPI001C25A692	1	0	0	0	0	0	1	0
UPI001BC27EE0	1	0	0	1	0	0	0	0
UPI001BBEF21E	1	0	0	0	0	2	0	0
UPI001BBEAD49	1	0	0	1	0	0	0	0
UPI001BBE1EC1	1	0	0	0	0	2	0	0
UPI001BBC5D45	1	0	0	1	0	0	0	0
UPI001BBBC427	1	0	0	1	0	0	0	0
UPI001BBB6BF8	1	0	0	0	0	2	0	0
UPI001BBAFAB0	1	0	0	1	0	0	0	0
UPI001BB068E4	1	0	0	0	0	0	1	0
UPI001B71521C	1	0	0	0	0	1	0	0
UPI001B1ACF0F	1	0	0	0	0	1	0	0
UPI001B1A1D8D	1	0	0	0	0	1	0	0
UPI001B0C3F88	1	0	0	0	0	1	0	0
UPI001B063BFA	1	0	0	0	0	1	0	0
UPI001AFE889B	1	0	0	0	0	1	0	0
UPI001A28FC22	1	0	0	1	0	0	0	0
UPI001980F5DA	1	0	0	0	0	0	0	1
UPI0018E75DAA	1	0	0	1	0	0	0	0
UPI0018E747C5	1	0	0	1	0	0	0	0
UPI0018E3C24C	1	0	0	1	0	0	0	0
UPI00188C2BE9	1	0	0	1	0	0	0	0
UPI0016739758	1	0	0	0	0	1	0	0
UPI0015F07CB8	1	0	0	1	0	0	0	0
UPI0015EAED5E	1	0	0	0	0	2	0	0
UPI0015EA56EB	1	0	0	0	0	2	0	0
UPI0015E9E6AA	1	0	0	0	0	2	0	0
UPI0015E9AB29	1	0	0	0	0	2	0	0
UPI0015E477F4	1	0	0	1	0	0	0	0
UPI0015679908	1	0	0	0	0	0	1	0
UPI0015679360	1	0	0	0	0	0	1	0
UPI001565CB4E	1	0	0	0	0	0	1	0
UPI0015654CB9	1	0	0	0	0	0	1	0
UPI0015654527	1	0	0	0	0	0	1	0
UPI0015653D5B	1	0	0	0	0	0	1	0
UPI001564D231	1	0	0	0	0	0	1	0
UPI001564CE5B	1	0	0	0	0	0	1	0
UPI001564C031	1	0	0	0	0	0	1	0
UPI001564A6FD	1	0	0	0	0	0	1	0
UPI0015642A42	1	0	0	0	0	0	1	0
UPI0015637440	1	0	0	0	0	0	1	0
UPI0015634486	1	0	0	0	0	0	1	0
UPI0015630352	1	0	0	0	0	0	1	0
UPI001558AC81	1	0	0	1	0	0	0	0
UPI001355FB38	1	0	0	1	0	0	0	0
UPI001355E297	1	0	0	1	0	0	0	0
UPI001355D086	1	0	0	1	0	0	0	0
UPI001355CE4D	1	0	0	1	0	0	0	0
UPI001355C5C9	1	0	0	1	0	0	0	0
UPI0013559DE9	1	0	0	1	0	0	0	0
UPI001355287D	1	0	0	1	0	0	0	0
UPI0013550836	1	0	0	1	0	0	0	0
UPI001354FAF6	1	0	0	0	0	1	0	0
UPI001354EB3F	1	0	0	1	0	0	0	0
UPI001354BDBF	1	0	0	1	0	0	0	0
UPI001354B709	1	0	0	1	0	0	0	0
UPI0013548DC0	1	0	0	1	0	0	0	0
UPI0013547ADD	1	0	0	1	0	0	0	0
UPI00135436EF	1	0	0	1	0	0	0	0
UPI0013540349	1	0	0	1	0	0	0	0
UPI001353F254	1	0	0	1	0	0	0	0
UPI001353E9D7	1	0	0	1	0	0	0	0
UPI0013539844	1	0	0	1	0	0	0	0
UPI0013537633	1	0	0	1	0	0	0	0
UPI00135344A3	1	0	0	1	0	0	0	0
UPI001353444D	1	0	0	1	0	0	0	0
UPI0013530809	1	0	0	1	0	0	0	0
UPI001352E455	1	0	0	1	0	0	0	0
UPI001352B7EA	1	0	0	1	0	0	0	0
UPI0013522F66	1	0	0	1	0	0	0	0
UPI0013521AC6	1	0	0	1	0	0	0	0
UPI0012DEFCC3	1	0	0	0	1	0	0	0
UPI0012DC6FFC	1	0	0	0	1	0	0	0
UPI0012492CA2	1	0	0	0	1	0	0	0
UPI0012469905	1	0	0	0	1	0	0	0
UPI0012461C09	1	0	0	0	1	0	0	0
UPI001244E335	1	0	0	0	1	0	0	0
UPI001244CF38	1	0	0	0	1	0	0	0
UPI00124488E5	1	0	0	0	1	0	0	0
UPI0012442ECF	1	0	0	0	1	0	0	0
UPI0011DA1135	1	0	0	0	0	1	0	0
UPI0011D80724	1	0	0	0	0	1	0	0
UPI0011D3001B	1	0	0	0	0	1	0	0
UPI0011C05A1F	1	0	0	0	1	0	0	0
UPI0011BBB789	1	0	0	1	0	0	0	0
UPI00112EC66F	1	0	0	1	0	0	0	0
UPI00112E9511	1	0	0	1	0	0	0	0
UPI00112E684F	1	0	0	1	0	0	0	0
UPI00112C5AA7	1	0	0	0	0	1	0	0
UPI001127F93F	1	0	0	1	0	0	0	0
UPI00103CB447	1	0	0	1	0	0	0	0
UPI000FE1EE09	1	0	0	0	0	0	0	1
UPI000F70C534	1	0	0	0	0	1	0	0
UPI000F6E5878	1	0	0	1	0	0	0	0
UPI000E7E825F	1	0	0	1	0	0	0	0
UPI000E1B6719	1	0	0	0	0	1	0	0
UPI000E083481	1	0	0	0	0	1	0	0
UPI000E082640	1	0	0	0	0	1	0	0
UPI000E07EF3D	1	0	0	0	0	0	1	0
UPI000E070D82	1	0	0	0	0	1	0	0
UPI000E06C427	1	0	0	0	0	1	0	0
UPI000E062588	1	0	0	0	0	1	0	0
UPI000E04E6AC	1	0	0	0	0	0	1	0
UPI000E0290CE	1	0	0	0	0	1	0	0
UPI000E00E2E5	1	0	0	0	0	1	0	0
UPI000DFF4E6B	1	0	0	0	0	1	0	0
UPI000DFEEA18	1	0	0	0	0	1	0	0
UPI000DFE7CC2	1	0	0	0	0	1	0	0
UPI000DFE6BD5	1	0	0	0	0	0	1	0
UPI000DFE5A4D	1	0	0	0	0	1	0	0
UPI000DFDCE8C	1	0	0	0	0	1	0	0
UPI000DFDA599	1	0	0	0	0	1	0	0
UPI000DFC763D	1	0	0	0	0	1	0	0
UPI000DFB1A32	1	0	0	0	0	1	0	0
UPI000DF99A3E	1	0	0	0	0	1	0	0
UPI000DF97F1A	1	0	0	0	0	1	0	0
UPI000DF8C264	1	0	0	0	0	1	0	0
UPI000DEAC9E4	1	0	0	0	0	0	1	0
UPI000DB16218	1	0	0	1	0	0	0	0
UPI000D3BF07A	1	0	0	0	0	0	1	0
UPI000D326F17	1	0	0	1	0	0	0	0
UPI000D22CBA2	1	0	1	0	0	0	0	0
UPI000D22CA25	1	0	1	0	0	0	0	0
UPI000D22C975	1	0	1	0	0	0	0	0
UPI000D22C81F	1	0	1	0	0	0	0	0
UPI000D22C6C0	1	0	1	0	0	0	0	0
UPI000D22C65D	1	0	1	0	0	0	0	0
UPI000D22C4A3	1	0	1	0	0	0	0	0
UPI000D22C3D1	1	0	1	0	0	0	0	0
UPI000D22C378	1	0	1	0	0	0	0	0
UPI000D22C01F	1	0	1	0	0	0	0	0
UPI000D22BD92	1	0	1	0	0	0	0	0
UPI000D22BD8D	1	0	1	0	0	0	0	0
UPI000D22BBAE	1	0	1	0	0	0	0	0
UPI000D22B985	1	0	1	0	0	0	0	0
UPI000D22B659	1	0	1	0	0	0	0	0
UPI000D22B3B9	1	0	1	0	0	0	0	0
UPI000D22B387	1	0	1	0	0	0	0	0
UPI000D22B124	1	0	1	0	0	0	0	0
UPI000D22AC90	1	0	1	0	0	0	0	0
UPI000D22AC27	1	0	1	0	0	0	0	0
UPI000D22AB97	1	0	1	0	0	0	0	0
UPI000D22AAAA	1	0	1	0	0	0	0	0
UPI000D22AA64	1	0	1	0	0	0	0	0
UPI000D22A9B9	1	0	1	0	0	0	0	0
UPI000D22A955	1	0	1	0	0	0	0	0
UPI000D22A8BF	1	0	1	0	0	0	0	0
UPI000D22A828	1	0	1	0	0	0	0	0
UPI000D22A820	1	0	1	0	0	0	0	0
UPI000D22A714	1	0	1	0	0	0	0	0
UPI000D22A6FC	1	0	1	0	0	0	0	0
UPI000D22A555	1	0	1	0	0	0	0	0
UPI000D22A536	1	0	1	0	0	0	0	0
UPI000D22A2B4	1	0	1	0	0	0	0	0
UPI000D22A05C	1	0	1	0	0	0	0	0
UPI000D229F25	1	0	1	0	0	0	0	0
UPI000D229F12	1	0	1	0	0	0	0	0
UPI000D229E43	1	0	1	0	0	0	0	0
UPI000D229E30	1	0	1	0	0	0	0	0
UPI000D229DC2	1	0	1	0	0	0	0	0
UPI000D229D1A	1	0	1	0	0	0	0	0
UPI000D229D12	1	0	1	0	0	0	0	0
UPI000D229931	1	0	1	0	0	0	0	0
UPI000D229911	1	0	1	0	0	0	0	0
UPI000D2297EE	1	0	1	0	0	0	0	0
UPI000D2296B4	1	0	1	0	0	0	0	0
UPI000D229697	1	0	1	0	0	0	0	0
UPI000D2295C2	1	0	1	0	0	0	0	0
UPI000D229567	1	0	1	0	0	0	0	0
UPI000D229536	1	0	1	0	0	0	0	0
UPI000D2292EF	1	0	1	0	0	0	0	0
UPI000D228DC0	1	0	1	0	0	0	0	0
UPI000D228CDC	1	0	1	0	0	0	0	0
UPI000D228CA8	1	0	1	0	0	0	0	0
UPI000D228A4B	1	0	1	0	0	0	0	0
UPI000D2288EF	1	0	1	0	0	0	0	0
UPI000D2287C2	1	0	1	0	0	0	0	0
UPI000D228605	1	0	1	0	0	0	0	0
UPI000D228272	1	0	1	0	0	0	0	0
UPI000D227FC4	1	0	1	0	0	0	0	0
UPI000D227C50	1	0	1	0	0	0	0	0
UPI000D227C1C	1	0	1	0	0	0	0	0
UPI000D227AFE	1	0	1	0	0	0	0	0
UPI000D227A75	1	0	1	0	0	0	0	0
UPI000D2275F8	1	0	1	0	0	0	0	0
UPI000D2275DB	1	0	1	0	0	0	0	0
UPI000D227400	1	0	1	0	0	0	0	0
UPI000D22737C	1	0	1	0	0	0	0	0
UPI000D2270D0	1	0	1	0	0	0	0	0
UPI000D2270CF	1	0	1	0	0	0	0	0
UPI000D226F6F	1	0	1	0	0	0	0	0
UPI000D226D82	1	0	1	0	0	0	0	0
UPI000D226D23	1	0	1	0	0	0	0	0
UPI000D226CC0	1	0	1	0	0	0	0	0
UPI000D226B53	1	0	1	0	0	0	0	0
UPI000D22676C	1	0	1	0	0	0	0	0
UPI000D2266B9	1	0	1	0	0	0	0	0
UPI000D226217	1	0	1	0	0	0	0	0
UPI000D2261DA	1	0	1	0	0	0	0	0
UPI000D22619D	1	0	1	0	0	0	0	0
UPI000D2260EB	1	0	1	0	0	0	0	0
UPI000D22607E	1	0	1	0	0	0	0	0
UPI000D225C94	1	0	1	0	0	0	0	0
UPI000D225C01	1	0	1	0	0	0	0	0
UPI000D225A5F	1	0	1	0	0	0	0	0
UPI000D22565C	1	0	1	0	0	0	0	0
UPI000D225587	1	0	1	0	0	0	0	0
UPI000D2254CB	1	0	1	0	0	0	0	0
UPI000D2254C2	1	0	1	0	0	0	0	0
UPI000D225216	1	0	1	0	0	0	0	0
UPI000D2251E1	1	0	1	0	0	0	0	0
UPI000D224E74	1	0	1	0	0	0	0	0
UPI000D224E1B	1	0	1	0	0	0	0	0
UPI000D224D6A	1	0	1	0	0	0	0	0
UPI000D224D0F	1	0	1	0	0	0	0	0
UPI000D224C72	1	0	1	0	0	0	0	0
UPI000D224AE8	1	0	1	0	0	0	0	0
UPI000D224A61	1	0	1	0	0	0	0	0
UPI000D224A5D	1	0	1	0	0	0	0	0
UPI000D224820	1	0	1	0	0	0	0	0
UPI000D2247E5	1	0	1	0	0	0	0	0
UPI000D22476A	1	0	1	0	0	0	0	0
UPI000D2246DE	1	0	1	0	0	0	0	0
UPI000D224629	1	0	1	0	0	0	0	0
UPI000D224392	1	0	1	0	0	0	0	0
UPI000D224390	1	0	1	0	0	0	0	0
UPI000D224130	1	0	1	0	0	0	0	0
UPI000D223F44	1	0	1	0	0	0	0	0
UPI000D223F34	1	0	1	0	0	0	0	0
UPI000D223EAC	1	0	1	0	0	0	0	0
UPI000D223E08	1	0	1	0	0	0	0	0
UPI000D223DC9	1	0	1	0	0	0	0	0
UPI000D223C40	1	0	1	0	0	0	0	0
UPI000D223B20	1	0	1	0	0	0	0	0
UPI000D22384B	1	0	1	0	0	0	0	0
UPI000D2237BE	1	0	1	0	0	0	0	0
UPI000D22373D	1	0	1	0	0	0	0	0
UPI000D2236C6	1	0	1	0	0	0	0	0
UPI000D2234B4	1	0	1	0	0	0	0	0
UPI000D22346C	1	0	1	0	0	0	0	0
UPI000D2233A1	1	0	1	0	0	0	0	0
UPI000D223368	1	0	1	0	0	0	0	0
UPI000D22320D	1	0	1	0	0	0	0	0
UPI000D2230B1	1	0	1	0	0	0	0	0
UPI000D222E0D	1	0	1	0	0	0	0	0
UPI000D222E08	1	0	1	0	0	0	0	0
UPI000D222D55	1	0	1	0	0	0	0	0
UPI000D222A9E	1	0	1	0	0	0	0	0
UPI000D2229C9	1	0	1	0	0	0	0	0
UPI000D22249B	1	0	1	0	0	0	0	0
UPI000D222245	1	0	1	0	0	0	0	0
UPI000D222188	1	0	1	0	0	0	0	0
UPI000D22203D	1	0	1	0	0	0	0	0
UPI000D221AC0	1	0	1	0	0	0	0	0
UPI000D221A4C	1	0	1	0	0	0	0	0
UPI000D2217DD	1	0	1	0	0	0	0	0
UPI000D22175D	1	0	1	0	0	0	0	0
UPI000D221649	1	0	1	0	0	0	0	0
UPI000D2214FC	1	0	1	0	0	0	0	0
UPI000D221421	1	0	1	0	0	0	0	0
UPI000D2213D1	1	0	1	0	0	0	0	0
UPI000D221336	1	0	1	0	0	0	0	0
UPI000D220F0C	1	0	1	0	0	0	0	0
UPI000D220EDF	1	0	1	0	0	0	0	0
UPI000D220DDE	1	0	1	0	0	0	0	0
UPI000D220B96	1	0	1	0	0	0	0	0
UPI000D2208FB	1	0	1	0	0	0	0	0
UPI000D22075A	1	0	1	0	0	0	0	0
UPI000D220580	1	0	1	0	0	0	0	0
UPI000D220278	1	0	1	0	0	0	0	0
UPI000D22023B	1	0	1	0	0	0	0	0
UPI000D220119	1	0	1	0	0	0	0	0
UPI000D21FFEB	1	0	1	0	0	0	0	0
UPI000D21FF77	1	0	1	0	0	0	0	0
UPI000D21FF6D	1	0	1	0	0	0	0	0
UPI000D21FF33	1	0	1	0	0	0	0	0
UPI000D21FEC7	1	0	1	0	0	0	0	0
UPI000D21FDBE	1	0	1	0	0	0	0	0
UPI000D21FDAE	1	0	1	0	0	0	0	0
UPI000D21FD5F	1	0	1	0	0	0	0	0
UPI000D21FC56	1	0	1	0	0	0	0	0
UPI000D21FBAF	1	0	1	0	0	0	0	0
UPI000D21FB41	1	0	1	0	0	0	0	0
UPI000D21F6CE	1	0	1	0	0	0	0	0
UPI000D21F637	1	0	1	0	0	0	0	0
UPI000D21F56D	1	0	1	0	0	0	0	0
UPI000D21F4A0	1	0	1	0	0	0	0	0
UPI000D21F3D4	1	0	1	0	0	0	0	0
UPI000D21F0D8	1	0	1	0	0	0	0	0
UPI000D21EF5F	1	0	1	0	0	0	0	0
UPI000D21EDAD	1	0	1	0	0	0	0	0
UPI000D21EA5B	1	0	1	0	0	0	0	0
UPI000D21E9BA	1	0	1	0	0	0	0	0
UPI000D21E8E2	1	0	1	0	0	0	0	0
UPI000D21E83A	1	0	1	0	0	0	0	0
UPI000D21E7D1	1	0	1	0	0	0	0	0
UPI000D21E7BD	1	0	1	0	0	0	0	0
UPI000D21E798	1	0	1	0	0	0	0	0
UPI000D21E65C	1	0	1	0	0	0	0	0
UPI000D21E5BD	1	0	1	0	0	0	0	0
UPI000D21E4FB	1	0	1	0	0	0	0	0
UPI000D21E43F	1	0	1	0	0	0	0	0
UPI000D21E40B	1	0	1	0	0	0	0	0
UPI000D21E3C7	1	0	1	0	0	0	0	0
UPI000D21E275	1	0	1	0	0	0	0	0
UPI000D21E268	1	0	1	0	0	0	0	0
UPI000D21E107	1	0	1	0	0	0	0	0
UPI000D21DB19	1	0	1	0	0	0	0	0
UPI000D21D958	1	0	1	0	0	0	0	0
UPI000D21D4D0	1	0	1	0	0	0	0	0
UPI000D21D421	1	0	1	0	0	0	0	0
UPI000D21D240	1	0	1	0	0	0	0	0
UPI000D21D1A1	1	0	1	0	0	0	0	0
UPI000D21CD41	1	0	1	0	0	0	0	0
UPI000D21CC72	1	0	1	0	0	0	0	0
UPI000D21CC1D	1	0	1	0	0	0	0	0
UPI000D21C919	1	0	1	0	0	0	0	0
UPI000D21C8C3	1	0	1	0	0	0	0	0
UPI000D21C7ED	1	0	1	0	0	0	0	0
UPI000D21C499	1	0	1	0	0	0	0	0
UPI000D21C42F	1	0	1	0	0	0	0	0
UPI000D21C37C	1	0	1	0	0	0	0	0
UPI000D21C2D9	1	0	1	0	0	0	0	0
UPI000D21C2AA	1	0	1	0	0	0	0	0
UPI000D21C103	1	0	1	0	0	0	0	0
UPI000D21C022	1	0	1	0	0	0	0	0
UPI000D21BF1A	1	0	1	0	0	0	0	0
UPI000D21BC86	1	0	1	0	0	0	0	0
UPI000D21BB80	1	0	1	0	0	0	0	0
UPI000D21BB7C	1	0	1	0	0	0	0	0
UPI000D21B9E1	1	0	1	0	0	0	0	0
UPI000D21B7DF	1	0	1	0	0	0	0	0
UPI000D21B7B4	1	0	1	0	0	0	0	0
UPI000D21B619	1	0	1	0	0	0	0	0
UPI000D21B531	1	0	1	0	0	0	0	0
UPI000D21B402	1	0	1	0	0	0	0	0
UPI000D21B3BD	1	0	1	0	0	0	0	0
UPI000D21B292	1	0	1	0	0	0	0	0
UPI000D21B1F6	1	0	1	0	0	0	0	0
UPI000D21B116	1	0	1	0	0	0	0	0
UPI000D21AE85	1	0	1	0	0	0	0	0
UPI000D21AD3D	1	0	1	0	0	0	0	0
UPI000D21ACA2	1	0	1	0	0	0	0	0
UPI000D21AB4E	1	0	1	0	0	0	0	0
UPI000D21AAB8	1	0	1	0	0	0	0	0
UPI000D21AA20	1	0	1	0	0	0	0	0
UPI000D21A9C1	1	0	6	0	0	0	0	0
UPI000D21A974	1	0	1	0	0	0	0	0
UPI000D21A6E0	1	0	1	0	0	0	0	0
UPI000D21A65D	1	0	1	0	0	0	0	0
UPI000D21A4ED	1	0	1	0	0	0	0	0
UPI000D21A3E2	1	0	1	0	0	0	0	0
UPI000D21A3A2	1	0	1	0	0	0	0	0
UPI000D21A37B	1	0	1	0	0	0	0	0
UPI000D21A089	1	0	1	0	0	0	0	0
UPI000D219E1C	1	0	1	0	0	0	0	0
UPI000D219CE1	1	0	1	0	0	0	0	0
UPI000D219CDB	1	0	1	0	0	0	0	0
UPI000D219CAB	1	0	1	0	0	0	0	0
UPI000D219ADE	1	0	1	0	0	0	0	0
UPI000D219ADB	1	0	1	0	0	0	0	0
UPI000D219A2F	1	0	1	0	0	0	0	0
UPI000D219893	1	0	1	0	0	0	0	0
UPI000D2197FA	1	0	2	0	0	0	0	0
UPI000D219799	1	0	1	0	0	0	0	0
UPI000D219377	1	0	1	0	0	0	0	0
UPI000D21926F	1	0	1	0	0	0	0	0
UPI000D219261	1	0	1	0	0	0	0	0
UPI000D21917F	1	0	1	0	0	0	0	0
UPI000D218ED6	1	0	1	0	0	0	0	0
UPI000D218D2B	1	0	1	0	0	0	0	0
UPI000D218C70	1	0	1	0	0	0	0	0
UPI000D218BF6	1	0	1	0	0	0	0	0
UPI000D218848	1	0	1	0	0	0	0	0
UPI000D2187B7	1	0	1	0	0	0	0	0
UPI000D21858C	1	0	1	0	0	0	0	0
UPI000D218588	1	0	1	0	0	0	0	0
UPI000D21836F	1	0	1	0	0	0	0	0
UPI000D218362	1	0	1	0	0	0	0	0
UPI000D2180B3	1	0	1	0	0	0	0	0
UPI000D217FBB	1	0	1	0	0	0	0	0
UPI000D217F18	1	0	1	0	0	0	0	0
UPI000D217ED0	1	0	1	0	0	0	0	0
UPI000D217BE1	1	0	1	0	0	0	0	0
UPI000D217B00	1	0	1	0	0	0	0	0
UPI000D217A27	1	0	1	0	0	0	0	0
UPI000D21793F	1	0	1	0	0	0	0	0
UPI000D21793B	1	0	1	0	0	0	0	0
UPI000D217912	1	0	1	0	0	0	0	0
UPI000D21781C	1	0	1	0	0	0	0	0
UPI000D2176AA	1	0	1	0	0	0	0	0
UPI000D217644	1	0	1	0	0	0	0	0
UPI000D217611	1	0	1	0	0	0	0	0
UPI000D2174C4	1	0	1	0	0	0	0	0
UPI000D2173B5	1	0	1	0	0	0	0	0
UPI000D217352	1	0	1	0	0	0	0	0
UPI000D21734D	1	0	1	0	0	0	0	0
UPI000D2171F5	1	0	1	0	0	0	0	0
UPI000D216FF6	1	0	1	0	0	0	0	0
UPI000D216DCA	1	0	1	0	0	0	0	0
UPI000D216A45	1	0	1	0	0	0	0	0
UPI000D216886	1	0	1	0	0	0	0	0
UPI000D21681D	1	0	1	0	0	0	0	0
UPI000D21678A	1	0	1	0	0	0	0	0
UPI000D2165BE	1	0	1	0	0	0	0	0
UPI000D216482	1	0	1	0	0	0	0	0
UPI000D2161DE	1	0	1	0	0	0	0	0
UPI000D21610E	1	0	1	0	0	0	0	0
UPI000D216032	1	0	1	0	0	0	0	0
UPI000D215F98	1	0	1	0	0	0	0	0
UPI000D215F8A	1	0	1	0	0	0	0	0
UPI000D215DB7	1	0	1	0	0	0	0	0
UPI000D215C0D	1	0	1	0	0	0	0	0
UPI000D215C05	1	0	1	0	0	0	0	0
UPI000D2158A1	1	0	1	0	0	0	0	0
UPI000D214F19	1	0	1	0	0	0	0	0
UPI000D214EEB	1	0	1	0	0	0	0	0
UPI000D214ECA	1	0	1	0	0	0	0	0
UPI000D214BBC	1	0	1	0	0	0	0	0
UPI000D214957	1	0	1	0	0	0	0	0
UPI000D21493C	1	0	1	0	0	0	0	0
UPI000D2148F2	1	0	1	0	0	0	0	0
UPI000D21480C	1	0	1	0	0	0	0	0
UPI000D2146E1	1	0	1	0	0	0	0	0
UPI000D214630	1	0	1	0	0	0	0	0
UPI000D214482	1	0	1	0	0	0	0	0
UPI000D214456	1	0	1	0	0	0	0	0
UPI000D214395	1	0	1	0	0	0	0	0
UPI000D21438F	1	0	1	0	0	0	0	0
UPI000D214174	1	0	1	0	0	0	0	0
UPI000D21401A	1	0	1	0	0	0	0	0
UPI000D213EF5	1	0	1	0	0	0	0	0
UPI000D213E75	1	0	1	0	0	0	0	0
UPI000D213DA4	1	0	1	0	0	0	0	0
UPI000D213D86	1	0	1	0	0	0	0	0
UPI000D213D4F	1	0	1	0	0	0	0	0
UPI000D213B8F	1	0	1	0	0	0	0	0
UPI000D213B8C	1	0	1	0	0	0	0	0
UPI000D213B8A	1	0	1	0	0	0	0	0
UPI000D213993	1	0	1	0	0	0	0	0
UPI000D2138A7	1	0	1	0	0	0	0	0
UPI000D2137BE	1	0	1	0	0	0	0	0
UPI000D2135DD	1	0	1	0	0	0	0	0
UPI000D2134B3	1	0	1	0	0	0	0	0
UPI000D213249	1	0	1	0	0	0	0	0
UPI000D212EA3	1	0	1	0	0	0	0	0
UPI000D212DF5	1	0	1	0	0	0	0	0
UPI000D212D2A	1	0	1	0	0	0	0	0
UPI000D212BFC	1	0	1	0	0	0	0	0
UPI000D212B46	1	0	1	0	0	0	0	0
UPI000D212B38	1	0	1	0	0	0	0	0
UPI000D212AD9	1	0	1	0	0	0	0	0
UPI000D212AB1	1	0	1	0	0	0	0	0
UPI000D212A6E	1	0	1	0	0	0	0	0
UPI000D212899	1	0	1	0	0	0	0	0
UPI000D212821	1	0	1	0	0	0	0	0
UPI000D2126F3	1	0	1	0	0	0	0	0
UPI000D212665	1	0	1	0	0	0	0	0
UPI000D212637	1	0	1	0	0	0	0	0
UPI000D2125AB	1	0	1	0	0	0	0	0
UPI000D212580	1	0	1	0	0	0	0	0
UPI000D212469	1	0	1	0	0	0	0	0
UPI000D212432	1	0	1	0	0	0	0	0
UPI000D212296	1	0	1	0	0	0	0	0
UPI000D21219D	1	0	1	0	0	0	0	0
UPI000D211EEA	1	0	1	0	0	0	0	0
UPI000D211E93	1	0	1	0	0	0	0	0
UPI000D211E28	1	0	1	0	0	0	0	0
UPI000D211E21	1	0	1	0	0	0	0	0
UPI000D21183F	1	0	1	0	0	0	0	0
UPI000D2116AB	1	0	1	0	0	0	0	0
UPI000D2115D9	1	0	1	0	0	0	0	0
UPI000D211567	1	0	1	0	0	0	0	0
UPI000D21147E	1	0	1	0	0	0	0	0
UPI000D211386	1	0	1	0	0	0	0	0
UPI000D211139	1	0	1	0	0	0	0	0
UPI000D210F7D	1	0	1	0	0	0	0	0
UPI000D210F5F	1	0	1	0	0	0	0	0
UPI000D210E06	1	0	1	0	0	0	0	0
UPI000D210DED	1	0	1	0	0	0	0	0
UPI000D210CC5	1	0	1	0	0	0	0	0
UPI000D210C69	1	0	1	0	0	0	0	0
UPI000D210C04	1	0	1	0	0	0	0	0
UPI000D2109CE	1	0	1	0	0	0	0	0
UPI000D210872	1	0	1	0	0	0	0	0
UPI000D210845	1	0	1	0	0	0	0	0
UPI000D2107E1	1	0	1	0	0	0	0	0
UPI000D2106F0	1	0	1	0	0	0	0	0
UPI000D2105F8	1	0	1	0	0	0	0	0
UPI000D210572	1	0	1	0	0	0	0	0
UPI000D210557	1	0	1	0	0	0	0	0
UPI000D2102E8	1	0	1	0	0	0	0	0
UPI000D20FF90	1	0	1	0	0	0	0	0
UPI000D20FEF7	1	0	1	0	0	0	0	0
UPI000D20FED1	1	0	1	0	0	0	0	0
UPI000D20FED0	1	0	1	0	0	0	0	0
UPI000D20FEA7	1	0	1	0	0	0	0	0
UPI000D20FD27	1	0	1	0	0	0	0	0
UPI000D20FC38	1	0	1	0	0	0	0	0
UPI000D20FC2D	1	0	1	0	0	0	0	0
UPI000D20F926	1	0	1	0	0	0	0	0
UPI000D20F79E	1	0	1	0	0	0	0	0
UPI000D20F5B7	1	0	1	0	0	0	0	0
UPI000D20F016	1	0	1	0	0	0	0	0
UPI000D20EF08	1	0	1	0	0	0	0	0
UPI000D20EB7F	1	0	1	0	0	0	0	0
UPI000D20E962	1	0	1	0	0	0	0	0
UPI000D20E8C6	1	0	1	0	0	0	0	0
UPI000D20E7B6	1	0	1	0	0	0	0	0
UPI000D20E704	1	0	1	0	0	0	0	0
UPI000D20E689	1	0	1	0	0	0	0	0
UPI000D20E3B2	1	0	1	0	0	0	0	0
UPI000D20E233	1	0	1	0	0	0	0	0
UPI000D20E22F	1	0	1	0	0	0	0	0
UPI000D20E1F6	1	0	1	0	0	0	0	0
UPI000D20E1D0	1	0	1	0	0	0	0	0
UPI000D20E0BA	1	0	1	0	0	0	0	0
UPI000D20DFF7	1	0	1	0	0	0	0	0
UPI000D20DF10	1	0	1	0	0	0	0	0
UPI000D20DE44	1	0	1	0	0	0	0	0
UPI000D20DD77	1	0	1	0	0	0	0	0
UPI000D20DD33	1	0	1	0	0	0	0	0
UPI000D20DCE8	1	0	1	0	0	0	0	0
UPI000D20DC30	1	0	1	0	0	0	0	0
UPI000D20DC2A	1	0	1	0	0	0	0	0
UPI000D20DBFA	1	0	1	0	0	0	0	0
UPI000D20DA96	1	0	1	0	0	0	0	0
UPI000D20D952	1	0	1	0	0	0	0	0
UPI000D20D8E6	1	0	1	0	0	0	0	0
UPI000D20D82C	1	0	1	0	0	0	0	0
UPI000D20D80C	1	0	1	0	0	0	0	0
UPI000D20D5FB	1	0	1	0	0	0	0	0
UPI000D20D522	1	0	1	0	0	0	0	0
UPI000D20D33E	1	0	1	0	0	0	0	0
UPI000D20CF99	1	0	1	0	0	0	0	0
UPI000D20CF6E	1	0	1	0	0	0	0	0
UPI000D20CEEE	1	0	1	0	0	0	0	0
UPI000D20CC24	1	0	1	0	0	0	0	0
UPI000D20CC0F	1	0	1	0	0	0	0	0
UPI000D20CAFC	1	0	1	0	0	0	0	0
UPI000D20C994	1	0	1	0	0	0	0	0
UPI000D20C81B	1	0	1	0	0	0	0	0
UPI000D20C75D	1	0	1	0	0	0	0	0
UPI000D20C5FF	1	0	1	0	0	0	0	0
UPI000D20C51B	1	0	1	0	0	0	0	0
UPI000D20C439	1	0	1	0	0	0	0	0
UPI000D20C421	1	0	1	0	0	0	0	0
UPI000D20C3E2	1	0	1	0	0	0	0	0
UPI000D20C1F2	1	0	1	0	0	0	0	0
UPI000D20C1B2	1	0	1	0	0	0	0	0
UPI000D20BFC8	1	0	1	0	0	0	0	0
UPI000D20BCAC	1	0	1	0	0	0	0	0
UPI000D20BC8F	1	0	1	0	0	0	0	0
UPI000D20BB07	1	0	1	0	0	0	0	0
UPI000D20BA3A	1	0	1	0	0	0	0	0
UPI000D20B9F4	1	0	1	0	0	0	0	0
UPI000D20B901	1	0	1	0	0	0	0	0
UPI000D20B832	1	0	1	0	0	0	0	0
UPI000D20B7FD	1	0	1	0	0	0	0	0
UPI000D20B55C	1	0	1	0	0	0	0	0
UPI000D20B468	1	0	1	0	0	0	0	0
UPI000D20B450	1	0	1	0	0	0	0	0
UPI000D20B2DA	1	0	1	0	0	0	0	0
UPI000D20B26A	1	0	1	0	0	0	0	0
UPI000D20B244	1	0	1	0	0	0	0	0
UPI000D20B1BC	1	0	1	0	0	0	0	0
UPI000D20AE2F	1	0	1	0	0	0	0	0
UPI000D20ABDC	1	0	1	0	0	0	0	0
UPI000D20ABA6	1	0	1	0	0	0	0	0
UPI000D20A8E7	1	0	1	0	0	0	0	0
UPI000D20A8AF	1	0	1	0	0	0	0	0
UPI000D20A57D	1	0	1	0	0	0	0	0
UPI000D20A522	1	0	1	0	0	0	0	0
UPI000D20A4AF	1	0	1	0	0	0	0	0
UPI000D20A37C	1	0	1	0	0	0	0	0
UPI000D20A280	1	0	1	0	0	0	0	0
UPI000D209F3C	1	0	1	0	0	0	0	0
UPI000D209EAE	1	0	1	0	0	0	0	0
UPI000D209DEE	1	0	1	0	0	0	0	0
UPI000D209DDF	1	0	1	0	0	0	0	0
UPI000D209D07	1	0	1	0	0	0	0	0
UPI000D2099C2	1	0	1	0	0	0	0	0
UPI000D2099A8	1	0	1	0	0	0	0	0
UPI000D209899	1	0	1	0	0	0	0	0
UPI000D209844	1	0	1	0	0	0	0	0
UPI000D209785	1	0	1	0	0	0	0	0
UPI000D209733	1	0	1	0	0	0	0	0
UPI000D20958E	1	0	1	0	0	0	0	0
UPI000D2094F5	1	0	1	0	0	0	0	0
UPI000D209444	1	0	1	0	0	0	0	0
UPI000D209429	1	0	1	0	0	0	0	0
UPI000D2093DD	1	0	1	0	0	0	0	0
UPI000D20939A	1	0	1	0	0	0	0	0
UPI000D209365	1	0	1	0	0	0	0	0
UPI000D2091BA	1	0	1	0	0	0	0	0
UPI000D208EF5	1	0	1	0	0	0	0	0
UPI000D208B19	1	0	1	0	0	0	0	0
UPI000D208A5D	1	0	1	0	0	0	0	0
UPI000D2085E5	1	0	1	0	0	0	0	0
UPI000D2082B7	1	0	1	0	0	0	0	0
UPI000D208113	1	0	1	0	0	0	0	0
UPI000D2080A7	1	0	1	0	0	0	0	0
UPI000D207F48	1	0	1	0	0	0	0	0
UPI000D207CD1	1	0	1	0	0	0	0	0
UPI000D207790	1	0	1	0	0	0	0	0
UPI000D20775F	1	0	1	0	0	0	0	0
UPI000D207746	1	0	1	0	0	0	0	0
UPI000D207426	1	0	1	0	0	0	0	0
UPI000D207189	1	0	1	0	0	0	0	0
UPI000D206F42	1	0	1	0	0	0	0	0
UPI000D206EF8	1	0	1	0	0	0	0	0
UPI000D206D22	1	0	1	0	0	0	0	0
UPI000D206CC5	1	0	1	0	0	0	0	0
UPI000D206BE6	1	0	1	0	0	0	0	0
UPI000D206BCD	1	0	1	0	0	0	0	0
UPI000D206BAF	1	0	1	0	0	0	0	0
UPI000D2069E6	1	0	1	0	0	0	0	0
UPI000D20684C	1	0	1	0	0	0	0	0
UPI000D206831	1	0	1	0	0	0	0	0
UPI000D20665F	1	0	1	0	0	0	0	0
UPI000D206439	1	0	1	0	0	0	0	0
UPI000D20641C	1	0	1	0	0	0	0	0
UPI000D20633B	1	0	1	0	0	0	0	0
UPI000D205A5D	1	0	1	0	0	0	0	0
UPI000D2055CF	1	0	1	0	0	0	0	0
UPI000D20558F	1	0	1	0	0	0	0	0
UPI000D205537	1	0	1	0	0	0	0	0
UPI000D2054B1	1	0	1	0	0	0	0	0
UPI000D205493	1	0	1	0	0	0	0	0
UPI000D205372	1	0	1	0	0	0	0	0
UPI000D205230	1	0	1	0	0	0	0	0
UPI000D204FB9	1	0	1	0	0	0	0	0
UPI000D204F43	1	0	1	0	0	0	0	0
UPI000D204E82	1	0	1	0	0	0	0	0
UPI000D204A5F	1	0	1	0	0	0	0	0
UPI000D204A5C	1	0	1	0	0	0	0	0
UPI000D204751	1	0	1	0	0	0	0	0
UPI000D2046FA	1	0	1	0	0	0	0	0
UPI000D204653	1	0	1	0	0	0	0	0
UPI000D204590	1	0	1	0	0	0	0	0
UPI000D20452F	1	0	1	0	0	0	0	0
UPI000D2044D9	1	0	1	0	0	0	0	0
UPI000D20431A	1	0	1	0	0	0	0	0
UPI000D2042B4	1	0	1	0	0	0	0	0
UPI000D203F79	1	0	1	0	0	0	0	0
UPI000D203C5D	1	0	1	0	0	0	0	0
UPI000D203B44	1	0	1	0	0	0	0	0
UPI000D203A29	1	0	1	0	0	0	0	0
UPI000D203824	1	0	1	0	0	0	0	0
UPI000D2037EE	1	0	1	0	0	0	0	0
UPI000D203642	1	0	1	0	0	0	0	0
UPI000D203432	1	0	1	0	0	0	0	0
UPI000D20328D	1	0	1	0	0	0	0	0
UPI000D203142	1	0	1	0	0	0	0	0
UPI000D203010	1	0	1	0	0	0	0	0
UPI000D202F4E	1	0	1	0	0	0	0	0
UPI000D202F3F	1	0	1	0	0	0	0	0
UPI000D202E20	1	0	1	0	0	0	0	0
UPI000D202DA0	1	0	1	0	0	0	0	0
UPI000D2029CD	1	0	1	0	0	0	0	0
UPI000D202963	1	0	1	0	0	0	0	0
UPI000D2026D7	1	0	1	0	0	0	0	0
UPI000D2025AD	1	0	1	0	0	0	0	0
UPI000D201F9D	1	0	1	0	0	0	0	0
UPI000D201D5F	1	0	1	0	0	0	0	0
UPI000D201CC7	1	0	1	0	0	0	0	0
UPI000D201B61	1	0	1	0	0	0	0	0
UPI000D2019D0	1	0	1	0	0	0	0	0
UPI000D201883	1	0	1	0	0	0	0	0
UPI000D2014A7	1	0	1	0	0	0	0	0
UPI000D201495	1	0	1	0	0	0	0	0
UPI000D20136F	1	0	3	0	0	0	0	0
UPI000D2011D6	1	0	1	0	0	0	0	0
UPI000D200EEE	1	0	1	0	0	0	0	0
UPI000D200EAC	1	0	1	0	0	0	0	0
UPI000D200DCC	1	0	1	0	0	0	0	0
UPI000D200D98	1	0	1	0	0	0	0	0
UPI000D200D88	1	0	1	0	0	0	0	0
UPI000D200D4F	1	0	1	0	0	0	0	0
UPI000D200CCF	1	0	1	0	0	0	0	0
UPI000D200C46	1	0	1	0	0	0	0	0
UPI000D200B17	1	0	1	0	0	0	0	0
UPI000D2009B7	1	0	1	0	0	0	0	0
UPI000D200850	1	0	1	0	0	0	0	0
UPI000D2006C9	1	0	1	0	0	0	0	0
UPI000D200691	1	0	1	0	0	0	0	0
UPI000D2004FC	1	0	1	0	0	0	0	0
UPI000D200317	1	0	1	0	0	0	0	0
UPI000D2002C7	1	0	1	0	0	0	0	0
UPI000D1FFF98	1	0	1	0	0	0	0	0
UPI000D1FFF47	1	0	1	0	0	0	0	0
UPI000D1FFE92	1	0	1	0	0	0	0	0
UPI000D1FFE48	1	0	2	0	0	0	0	0
UPI000D1FFDEF	1	0	1	0	0	0	0	0
UPI000D1FFDE9	1	0	1	0	0	0	0	0
UPI000D1FFCC8	1	0	1	0	0	0	0	0
UPI000D1FFB41	1	0	1	0	0	0	0	0
UPI000D1FFA47	1	0	1	0	0	0	0	0
UPI000D1FF84E	1	0	1	0	0	0	0	0
UPI000D1FF7E2	1	0	1	0	0	0	0	0
UPI000D1FF64C	1	0	1	0	0	0	0	0
UPI000D1FF4FA	1	0	5	0	0	0	0	0
UPI000D1FF4DF	1	0	1	0	0	0	0	0
UPI000D1FF103	1	0	1	0	0	0	0	0
UPI000D1FF02D	1	0	1	0	0	0	0	0
UPI000D1FEF7B	1	0	1	0	0	0	0	0
UPI000D1FED2B	1	0	1	0	0	0	0	0
UPI000D1FEC95	1	0	1	0	0	0	0	0
UPI000D1FEA13	1	0	1	0	0	0	0	0
UPI000D1FE9D2	1	0	1	0	0	0	0	0
UPI000D1FE8A2	1	0	1	0	0	0	0	0
UPI000D1FE3E2	1	0	1	0	0	0	0	0
UPI000D1FE19B	1	0	1	0	0	0	0	0
UPI000D1FE02E	1	0	1	0	0	0	0	0
UPI000D1FDCE6	1	0	1	0	0	0	0	0
UPI000CF69344	1	0	0	0	0	1	0	0
UPI000CF61211	1	0	0	0	0	0	1	0
UPI000CDC807B	1	0	0	1	0	0	0	0
UPI000C343EB3	1	0	0	0	0	1	0	0
UPI000C33EA2A	1	0	0	0	0	1	0	0
UPI000C163CE9	1	0	0	0	0	1	0	0
UPI000B51A3C6	1	0	0	0	0	5	0	0
UPI000B519320	1	0	0	0	0	1	0	0
UPI000B517DF5	1	0	0	0	0	1	0	0
UPI000B51730C	1	0	0	0	0	5	0	0
UPI000B515B56	1	0	0	0	0	1	0	0
UPI000B49FEAA	1	0	0	0	0	1	0	0
UPI000B49EECA	1	0	0	1	0	0	0	0
UPI000B348D5E	1	0	0	0	0	2	0	0
UPI000B3475AB	1	0	0	1	0	0	0	0
UPI000B342551	1	0	0	0	0	1	0	0
UPI000B340FD8	1	0	0	1	0	0	0	0
UPI000B33124F	1	0	1	0	0	0	0	0
UPI000B31EF07	1	0	1	0	0	0	0	0
UPI000B2F64EA	1	0	1	0	0	0	0	0
UPI000B2D33A0	1	0	1	0	0	0	0	0
UPI000B2C790E	1	0	1	0	0	0	0	0
UPI000B2910BC	1	0	1	0	0	0	0	0
UPI000B28C3F1	1	0	1	0	0	0	0	0
UPI000B2787E5	1	0	1	0	0	0	0	0
UPI000B25B643	1	0	0	0	0	0	1	0
UPI000B2492DE	1	0	1	0	0	0	0	0
UPI000B1DB399	1	0	1	0	0	0	0	0
UPI000B1C3058	1	0	1	0	0	0	0	0
UPI000B19E05A	1	0	1	0	0	0	0	0
UPI000B18DD35	1	0	1	0	0	0	0	0
UPI000B15885F	1	0	1	0	0	0	0	0
UPI000B13F5E0	1	0	1	0	0	0	0	0
UPI000B0EF271	1	0	1	0	0	0	0	0
UPI000B0D4931	1	0	1	0	0	0	0	0
UPI000B0CA4F8	1	0	1	0	0	0	0	0
UPI000B0C3F32	1	0	1	0	0	0	0	0
UPI000B08D1DC	1	0	1	0	0	0	0	0
UPI000B053896	1	0	1	0	0	0	0	0
UPI000B044CE0	1	0	1	0	0	0	0	0
UPI000B042AD1	1	0	1	0	0	0	0	0
UPI000B00DCFC	1	0	1	0	0	0	0	0
UPI000AFF369C	1	0	1	0	0	0	0	0
UPI000AFE2ABE	1	0	1	0	0	0	0	0
UPI000AFBB79C	1	0	1	0	0	0	0	0
UPI000AFBB278	1	0	1	0	0	0	0	0
UPI000AF953E6	1	0	1	0	0	0	0	0
UPI000AF90BF5	1	0	1	0	0	0	0	0
UPI000AF74A22	1	0	1	0	0	0	0	0
UPI000AF656E1	1	0	1	0	0	0	0	0
UPI000AF4EE2E	1	0	1	0	0	0	0	0
UPI000AF177F4	1	0	1	0	0	0	0	0
UPI000AF08D26	1	0	1	0	0	0	0	0
UPI000AF04A61	1	0	1	0	0	0	0	0
UPI000AEEE6D2	1	0	1	0	0	0	0	0
UPI000AEBA876	1	0	1	0	0	0	0	0
UPI000AE5D642	1	0	1	0	0	0	0	0
UPI000AE59C8A	1	0	1	0	0	0	0	0
UPI000AE5877A	1	0	1	0	0	0	0	0
UPI000AE49543	1	0	1	0	0	0	0	0
UPI000AE355D5	1	0	1	0	0	0	0	0
UPI000AE1AC18	1	0	1	0	0	0	0	0
UPI000AE065A2	1	0	1	0	0	0	0	0
UPI000ADC8567	1	0	1	0	0	0	0	0
UPI000ADC69F5	1	0	1	0	0	0	0	0
UPI000AD8F490	1	0	1	0	0	0	0	0
UPI000AD7F186	1	0	1	0	0	0	0	0
UPI000AD768B4	1	0	1	0	0	0	0	0
UPI000AD7563D	1	0	1	0	0	0	0	0
UPI000AD49220	1	0	1	0	0	0	0	0
UPI000AD21DBE	1	0	1	0	0	0	0	0
UPI000AD15620	1	0	1	0	0	0	0	0
UPI000ACF4194	1	0	1	0	0	0	0	0
UPI000ACEEE45	1	0	1	0	0	0	0	0
UPI000ACD8FBC	1	0	1	0	0	0	0	0
UPI000ACCDA6E	1	0	1	0	0	0	0	0
UPI000ACB9595	1	0	1	0	0	0	0	0
UPI000AC8CED2	1	0	1	0	0	0	0	0
UPI000AC8CDAD	1	0	1	0	0	0	0	0
UPI000AC5D8C2	1	0	1	0	0	0	0	0
UPI000AC3FD39	1	0	1	0	0	0	0	0
UPI000AC3C2A4	1	0	1	0	0	0	0	0
UPI000AC272A9	1	0	1	0	0	0	0	0
UPI000AC1DE6C	1	0	1	0	0	0	0	0
UPI000AC09E07	1	0	1	0	0	0	0	0
UPI000ABEF071	1	0	1	0	0	0	0	0
UPI000ABE3EAC	1	0	1	0	0	0	0	0
UPI000ABA4B20	1	0	1	0	0	0	0	0
UPI000AB8382A	1	0	1	0	0	0	0	0
UPI000AB6D946	1	0	1	0	0	0	0	0
UPI000AB6310E	1	0	1	0	0	0	0	0
UPI000AB2D666	1	0	1	0	0	0	0	0
UPI000AB28EFA	1	0	1	0	0	0	0	0
UPI000AAAE865	1	0	1	0	0	0	0	0
UPI000AA9E0AC	1	0	1	0	0	0	0	0
UPI000AA5E2F1	1	0	1	0	0	0	0	0
UPI000AA5AE38	1	0	1	0	0	0	0	0
UPI000AA356B6	1	0	1	0	0	0	0	0
UPI000AA18EE4	1	0	1	0	0	0	0	0
UPI000AA10081	1	0	1	0	0	0	0	0
UPI000A9CBEB4	1	0	0	0	0	0	1	0
UPI000A9AEFEA	1	0	1	0	0	0	0	0
UPI000A99B6ED	1	0	1	0	0	0	0	0
UPI000A96653A	1	0	1	0	0	0	0	0
UPI000A944300	1	0	1	0	0	0	0	0
UPI000A93AC80	1	0	1	0	0	0	0	0
UPI000A92C502	1	0	1	0	0	0	0	0
UPI000A9289FA	1	0	1	0	0	0	0	0
UPI000A90352F	1	0	1	0	0	0	0	0
UPI000A8FA1BC	1	0	1	0	0	0	0	0
UPI000A8B8691	1	0	1	0	0	0	0	0
UPI000A8AC083	1	0	1	0	0	0	0	0
UPI000A8A0314	1	0	1	0	0	0	0	0
UPI000A898EC3	1	0	1	0	0	0	0	0
UPI000A894FEC	1	0	1	0	0	0	0	0
UPI000A87E569	1	0	1	0	0	0	0	0
UPI000A84CA90	1	0	1	0	0	0	0	0
UPI000A81A474	1	0	1	0	0	0	0	0
UPI000A802AC3	1	0	1	0	0	0	0	0
UPI000A7E9DFD	1	0	1	0	0	0	0	0
UPI000A7D21AE	1	0	1	0	0	0	0	0
UPI000A7AEA93	1	0	1	0	0	0	0	0
UPI000A78F599	1	0	1	0	0	0	0	0
UPI000A78740D	1	0	1	0	0	0	0	0
UPI000A772455	1	0	1	0	0	0	0	0
UPI000A759AA5	1	0	1	0	0	0	0	0
UPI000A6782E4	1	0	1	0	0	0	0	0
UPI000A65A8EE	1	0	1	0	0	0	0	0
UPI000A63CCDA	1	0	1	0	0	0	0	0
UPI000A63B6A8	1	0	1	0	0	0	0	0
UPI000A624491	1	0	1	0	0	0	0	0
UPI000A613C11	1	0	1	0	0	0	0	0
UPI000A5D7F19	1	0	1	0	0	0	0	0
UPI000A5CCAE6	1	0	1	0	0	0	0	0
UPI000A580DA2	1	0	1	0	0	0	0	0
UPI000A57BF9C	1	0	1	0	0	0	0	0
UPI000A5336D6	1	0	1	0	0	0	0	0
UPI000A4CD611	1	0	1	0	0	0	0	0
UPI000A4B213F	1	0	1	0	0	0	0	0
UPI000A4A86B9	1	0	1	0	0	0	0	0
UPI000A491336	1	0	1	0	0	0	0	0
UPI000A466026	1	0	1	0	0	0	0	0
UPI000A445EF1	1	0	1	0	0	0	0	0
UPI000A443EE0	1	0	1	0	0	0	0	0
UPI000A43B57D	1	0	0	0	0	0	1	0
UPI000A4367F2	1	0	1	0	0	0	0	0
UPI000A425FAF	1	0	1	0	0	0	0	0
UPI000A4169D4	1	0	1	0	0	0	0	0
UPI000A411348	1	0	1	0	0	0	0	0
UPI000A3E5D1F	1	0	1	0	0	0	0	0
UPI000A37D711	1	0	0	0	0	0	1	0
UPI000A311EC3	1	0	0	0	4	0	0	0
UPI000A30C893	1	0	0	0	1	0	0	0
UPI000A247FFA	1	0	0	1	0	0	0	0
UPI0009EE8D94	1	0	0	0	0	0	1	0
UPI0009D74F32	1	0	0	0	1	0	0	0
UPI0009D744B2	1	0	0	0	1	0	0	0
UPI0009D65B8A	1	0	0	0	1	0	0	0
UPI0009D65A24	1	0	0	0	1	0	0	0
UPI0009734F36	1	0	0	0	1	0	0	0
UPI000849D703	1	0	0	0	0	1	0	0
UPI000849C79C	1	0	0	0	0	1	0	0
UPI0007B4D4E9	1	0	0	1	0	0	0	0
UPI0007B49B06	1	0	0	1	0	0	0	0
UPI00077C9C74	1	0	1	0	0	0	0	0
UPI0007705372	1	0	0	0	0	1	0	0
UPI0007638A9F	1	0	0	0	0	1	0	0
UPI00070B8B72	1	0	0	0	0	5	0	0
UPI0006DB0C11	1	0	0	1	0	0	0	0
UPI00059DAEBF	1	0	0	0	1	0	0	0
UPI00059D7D57	1	0	0	0	0	0	1	0
UPI00059D02D9	1	0	0	0	1	0	0	0
UPI00059CF246	1	0	0	0	1	0	0	0
UPI00059CAD3A	1	0	0	0	1	0	0	0
UPI00059C4729	1	0	0	0	1	0	0	0
UPI00059C2113	1	0	0	0	1	0	0	0
UPI00059C1BE6	1	0	0	0	1	0	0	0
UPI00059BF91F	1	0	0	0	1	0	0	0
UPI00059B8F01	1	0	0	0	1	0	0	0
UPI00059B716C	1	0	0	0	1	0	0	0
UPI00057B39D8	1	0	0	0	0	1	0	0
UPI0004A17D5A	1	0	0	1	0	0	0	0
UPI00048F7792	1	0	0	0	1	0	0	0
UPI00046A996B	1	0	1	0	0	0	0	0
UPI00046A15B6	1	0	0	1	0	0	0	0
UPI00046951E2	1	0	1	0	0	0	0	0
UPI000468F983	1	0	0	0	0	0	1	0
UPI0003FEC8A4	1	0	0	0	0	2	0	0
UPI0003BE46D5	1	0	0	0	0	1	0	0
UPI00037DB9D2	1	0	0	0	0	2	0	0
UPI0003266A07	1	0	1	0	0	0	0	0
UPI000326559A	1	0	0	0	0	0	1	0
UPI000324B17A	1	0	0	0	0	1	0	0
UPI000322FA47	1	0	0	0	2	0	0	0
UPI000322BEBF	1	0	0	0	0	0	1	0
UPI00031FD733	1	0	1	0	0	0	0	0
UPI00031EB94B	1	0	1	0	0	0	0	0
UPI00031E3F62	1	0	1	0	0	0	0	0
UPI00031D9020	1	0	1	0	0	0	0	0
UPI00031CEE41	1	0	1	0	0	0	0	0
UPI00031C44D0	1	0	1	0	0	0	0	0
UPI00031C1E2A	1	0	1	0	0	0	0	0
UPI00031B89D8	1	0	1	0	0	0	0	0
UPI00031B7588	1	0	0	0	1	0	0	0
UPI00031AF5EC	1	0	1	0	0	0	0	0
UPI00031A8EC3	1	0	1	0	0	0	0	0
UPI000319F5FA	1	0	0	0	1	0	0	0
UPI000319AF9D	1	0	1	0	0	0	0	0
UPI00031990F5	1	0	1	0	0	0	0	0
UPI0003198802	1	0	1	0	0	0	0	0
UPI000318FEE7	1	0	1	0	0	0	0	0
UPI00031839AC	1	0	1	0	0	0	0	0
UPI000316B108	1	0	1	0	0	0	0	0
UPI00031688A9	1	0	1	0	0	0	0	0
UPI000314B65C	1	0	1	0	0	0	0	0
UPI0003145C0F	1	0	1	0	0	0	0	0
UPI00031320A0	1	0	1	0	0	0	0	0
UPI000312EE0A	1	0	1	0	0	0	0	0
UPI00031244ED	1	0	1	0	0	0	0	0
UPI00031182E3	1	0	1	0	0	0	0	0
UPI0003115954	1	0	1	0	0	0	0	0
UPI00030E1968	1	0	1	0	0	0	0	0
UPI00030DFC23	1	0	1	0	0	0	0	0
UPI00030DEE0C	1	0	1	0	0	0	0	0
UPI00030D1218	1	0	1	0	0	0	0	0
UPI00030D0D82	1	0	1	0	0	0	0	0
UPI00030C1EB7	1	0	0	0	1	0	0	0
UPI00030BC922	1	0	1	0	0	0	0	0
UPI00030B56AC	1	0	1	0	0	0	0	0
UPI00030ACF14	1	0	1	0	0	0	0	0
UPI00030A8690	1	0	1	0	0	0	0	0
UPI00030A48D5	1	0	1	0	0	0	0	0
UPI000309FE53	1	0	1	0	0	0	0	0
UPI000309FC0F	1	0	1	0	0	0	0	0
UPI0003085FBD	1	0	1	0	0	0	0	0
UPI000306F7B2	1	0	0	0	1	0	0	0
UPI0003060573	1	0	1	0	0	0	0	0
UPI0003060039	1	0	1	0	0	0	0	0
UPI000305FCD8	1	0	1	0	0	0	0	0
UPI000305AF1E	1	0	1	0	0	0	0	0
UPI0003057499	1	0	1	0	0	0	0	0
UPI0003055CE4	1	0	1	0	0	0	0	0
UPI000304F568	1	0	1	0	0	0	0	0
UPI000304C995	1	0	1	0	0	0	0	0
UPI00030487B8	1	0	1	0	0	0	0	0
UPI000303FECA	1	0	1	0	0	0	0	0
UPI000302D485	1	0	1	0	0	0	0	0
UPI0003028507	1	0	1	0	0	0	0	0
UPI000301F78A	1	0	0	0	0	1	0	0
UPI0003011934	1	0	1	0	0	0	0	0
UPI00030109A2	1	0	1	0	0	0	0	0
UPI000300BD6D	1	0	1	0	0	0	0	0
UPI000300AE7D	1	0	1	0	0	0	0	0
UPI0002FE5245	1	0	1	0	0	0	0	0
UPI0002FE26AC	1	0	1	0	0	0	0	0
UPI0002FD1F6B	1	0	1	0	0	0	0	0
UPI0002FA84F3	1	0	1	0	0	0	0	0
UPI0002F9A45D	1	0	0	0	1	0	0	0
UPI0002F9A24C	1	0	0	1	0	0	0	0
UPI0002F96540	1	0	1	0	0	0	0	0
UPI0002F94DA3	1	0	1	0	0	0	0	0
UPI0002F8EF6C	1	0	0	0	1	0	0	0
UPI0002F8734C	1	0	0	1	0	0	0	0
UPI0002F7BB13	1	0	1	0	0	0	0	0
UPI0002F722CB	1	0	1	0	0	0	0	0
UPI0002F66141	1	0	1	0	0	0	0	0
UPI0002F5C8D6	1	0	1	0	0	0	0	0
UPI0002F5C4FE	1	0	1	0	0	0	0	0
UPI0002F558E8	1	0	1	0	0	0	0	0
UPI0002F546C1	1	0	1	0	0	0	0	0
UPI0002F52EE4	1	0	0	1	0	0	0	0
UPI0002F51061	1	0	1	0	0	0	0	0
UPI0002F4BAF2	1	0	0	0	0	0	1	0
UPI0002F20F19	1	0	0	0	1	0	0	0
UPI0002F07B80	1	0	0	0	1	0	0	0
UPI0002EFFA53	1	0	0	0	1	0	0	0
UPI0002EFF738	1	0	1	0	0	0	0	0
UPI0002EED76E	1	0	1	0	0	0	0	0
UPI0002EED4CB	1	0	1	0	0	0	0	0
UPI0002EE9826	1	0	1	0	0	0	0	0
UPI0002EE10EC	1	0	0	0	1	0	0	0
UPI0002EC9EF0	1	0	1	0	0	0	0	0
UPI0002EC7E7A	1	0	1	0	0	0	0	0
UPI0002EC2D25	1	0	0	1	0	0	0	0
UPI0002EBD2C1	1	0	1	0	0	0	0	0
UPI0002EA6060	1	0	1	0	0	0	0	0
UPI0002EA0671	1	0	1	0	0	0	0	0
UPI0002E8C368	1	0	1	0	0	0	0	0
UPI0002E7A0CF	1	0	1	0	0	0	0	0
UPI0002E70129	1	0	1	0	0	0	0	0
UPI0002E60047	1	0	1	0	0	0	0	0
UPI0002E5D40B	1	0	0	1	0	0	0	0
UPI0002E5CD49	1	0	1	0	0	0	0	0
UPI0002E536DB	1	0	1	0	0	0	0	0
UPI0002E4CAC0	1	0	1	0	0	0	0	0
UPI0002E48BA8	1	0	1	0	0	0	0	0
UPI0002E428E8	1	0	0	0	1	0	0	0
UPI0002E2CA14	1	0	1	0	0	0	0	0
UPI0002E2C5C0	1	0	0	1	0	0	0	0
UPI0002E18469	1	0	1	0	0	0	0	0
UPI0002E0FAA7	1	0	1	0	0	0	0	0
UPI0002DFB373	1	0	1	0	0	0	0	0
UPI0002DE9A90	1	0	1	0	0	0	0	0
UPI0002DE7D31	1	0	1	0	0	0	0	0
UPI0002DE2323	1	0	0	1	0	0	0	0
UPI0002DD048F	1	0	1	0	0	0	0	0
UPI0002DCBA3A	1	0	0	0	0	1	0	0
UPI0002DC7439	1	0	1	0	0	0	0	0
UPI0002D8BE4C	1	0	0	1	0	0	0	0
UPI0002D6C7F1	1	0	0	0	1	0	0	0
UPI0002D647EA	1	0	1	0	0	0	0	0
UPI0002D621C2	1	0	1	0	0	0	0	0
UPI0002D61289	1	0	1	0	0	0	0	0
UPI0002D4B704	1	0	1	0	0	0	0	0
UPI0002D32E0D	1	0	0	0	0	0	3	0
UPI0002D31401	1	0	1	0	0	0	0	0
UPI0002D2C8F7	1	0	1	0	0	0	0	0
UPI0002A6AD7F	1	0	0	0	0	0	1	0
UPI00029716A5	1	0	0	0	0	1	0	0
UPI0002832645	1	0	0	0	0	1	0	0
UPI00026CF618	1	0	0	0	0	1	0	0
UPI000230D5C7	1	0	0	0	0	0	1	0
UPI00022331BB	1	0	0	1	0	0	0	0
UPI0001F5AD28	1	0	0	0	1	0	0	0
UPI0001F5ABE2	1	0	0	0	1	0	0	0
UPI0001F5AAC1	1	0	0	0	0	0	1	0
UPI0001F5A88F	1	0	0	0	0	1	0	0
UPI0001F5A61D	1	0	0	0	1	0	0	0
UPI0001F5A615	1	0	0	0	0	0	1	0
UPI0001F5A607	1	0	0	0	0	0	1	0
UPI0001F59E6A	1	0	0	0	0	1	0	0
UPI0001F59E53	1	0	0	0	0	0	1	0
UPI0001F59D17	1	0	0	1	0	0	0	0
UPI0001F59D0F	1	0	0	0	0	1	0	0
UPI0001F59D0B	1	0	0	0	0	2	0	0
UPI0001F59D0A	1	0	0	0	0	1	0	0
UPI0001F59D09	1	0	0	0	0	1	0	0
UPI0001F59D08	1	0	0	0	0	1	0	0
UPI0001F59CF4	1	0	0	0	0	0	1	0
UPI0001F59A8E	1	0	0	0	0	0	1	0
UPI0001F59A80	1	0	0	0	1	0	0	0
UPI0001E9E8BE	1	0	0	0	0	1	0	0
UPI0001E9E8BC	1	0	0	0	0	1	0	0
UPI0001E10D53	1	0	0	1	0	0	0	0
UPI0001E10CD1	1	0	0	1	0	0	0	0
UPI0001E109AE	1	0	0	1	0	0	0	0
UPI0001DB83A9	1	0	0	0	0	0	1	0
UPI0001883FAC	1	0	0	1	0	0	0	0
UPI0001883F89	1	0	0	1	0	0	0	0
UPI00015FE36B	1	0	0	1	0	0	0	0
UPI0001531400	1	0	0	0	0	1	0	0
UPI00015025D6	1	0	0	0	1	0	0	0
UPI00015025D5	1	0	0	0	1	0	0	0
UPI0001502596	1	0	0	0	1	0	0	0
UPI000150258D	1	0	0	0	1	0	0	0
UPI000150258C	1	0	0	0	1	0	0	0
UPI000150258B	1	0	0	0	1	0	0	0
UPI00015024EB	1	0	0	0	1	0	0	0
UPI00015024EA	1	0	0	0	1	0	0	0
UPI00015024A6	1	0	0	0	1	0	0	0
UPI000150248C	1	0	0	0	1	0	0	0
UPI000150247B	1	0	0	0	1	0	0	0
UPI0001502476	1	0	0	0	1	0	0	0
UPI00014F9159	1	0	0	0	0	0	1	0
UPI00014B9A7D	1	0	0	1	0	0	0	0
UPI0000F0C59C	1	0	0	0	0	0	1	0
UPI0000F0C346	1	0	0	0	0	2	0	0
UPI0000F0C316	1	0	0	1	0	0	0	0
UPI0000F0C2D5	1	0	0	1	0	0	0	0
UPI0000F0BD60	1	0	0	0	0	1	0	0
UPI0000F0BD56	1	0	0	0	0	1	0	0
UPI0000F0BA94	1	0	0	0	0	1	0	0
UPI0000F0BA91	1	0	0	0	0	1	0	0
UPI0000F0BA8E	1	0	0	0	0	1	0	0
UPI0000F0BA51	1	0	0	0	0	1	0	0
UPI0000F0BA3E	1	0	0	0	0	1	0	0
UPI0000F0BA3D	1	0	0	0	0	1	0	0
UPI0000F0B535	1	0	0	0	0	1	0	0
UPI0000F0B4ED	1	0	0	0	0	1	0	0
UPI0000F0B4DF	1	0	0	0	0	1	0	0
UPI0000F0B403	1	0	0	1	0	0	0	0
UPI0000F0B3DE	1	0	0	1	0	0	0	0
UPI0000F0B3D7	1	0	0	1	0	0	0	0
UPI0000F0B3CF	1	0	0	1	0	0	0	0
UPI0000F0B0EE	1	0	0	0	0	1	0	0
UPI0000F0B0CC	1	0	0	0	0	1	0	0
UPI0000F0B0BD	1	0	0	0	0	8	0	0
UPI0000F0B05A	1	0	0	0	0	9	0	0
UPI0000F0A955	1	0	0	0	0	1	0	0
UPI0000F0A7F2	1	0	0	0	0	1	0	0
UPI0000F0A750	1	0	0	0	0	1	0	0
UPI0000F0A73A	1	0	0	1	0	0	0	0
UPI0000ECFADE	1	0	1	0	0	0	0	0
UPI0000E6A03D	1	0	0	1	0	0	0	0
UPI0000E6A03C	1	0	0	1	0	0	0	0
UPI0000E69F94	1	0	0	1	0	0	0	0
UPI0000E69F93	1	0	0	1	0	0	0	0
UPI0000DE0BE6	1	0	0	1	0	0	0	0
UPI0000DE0BD7	1	0	0	1	0	0	0	0
UPI0000DE0BCF	1	0	0	1	0	0	0	0
UPI0000DE0BCC	1	0	0	1	0	0	0	0
UPI0000DE0BC6	1	0	0	1	0	0	0	0
UPI0000DE0BAB	1	0	0	1	0	0	0	0
UPI0000DE0B97	1	0	0	1	0	0	0	0
UPI0000DE0B93	1	0	0	1	0	0	0	0
UPI0000DE0B92	1	0	0	1	0	0	0	0
UPI0000DE0B86	1	0	0	1	0	0	0	0
UPI0000DE0B81	1	0	0	1	0	0	0	0
UPI0000DE0B80	1	0	0	1	0	0	0	0
UPI0000DE0B7A	1	0	0	1	0	0	0	0
UPI0000DE0B74	1	0	0	1	0	0	0	0
UPI0000DDF208	1	0	0	1	0	0	0	0
UPI0000DDC77E	1	0	0	0	0	0	1	0
UPI00005FDB2D	1	0	0	0	0	4	0	0
UPI00005FC6F7	1	0	1	0	0	0	0	0
UPI00005FC5D6	1	0	0	1	0	0	0	0
UPI00005FC217	1	0	0	0	0	1	0	0
UPI00005FB614	1	0	1	0	0	0	0	0
UPI00005DF5FF	1	0	0	1	0	0	0	0
UPI00005DEE01	1	0	0	1	0	0	0	0
UPI00005DEDE8	1	0	0	1	0	0	0	0
UPI00005DD529	1	0	0	1	0	0	0	0
UPI00005DD484	1	0	0	1	0	0	0	0
UPI00005D1519	1	0	0	0	1	0	0	0
UPI00005D1518	1	0	0	0	1	0	0	0
UPI00005D1502	1	0	0	0	1	0	0	0
UPI00005D14ED	1	0	0	0	1	0	0	0
UPI00005D14AF	1	0	0	0	1	0	0	0
UPI00005D14A8	1	0	0	0	1	0	0	0
UPI00005D1489	1	0	0	0	2	0	0	0
UPI00005D1451	1	0	0	0	1	0	0	0
UPI00005D144F	1	0	1	0	0	0	0	0
UPI00005D1434	1	0	0	0	1	0	0	0
UPI00005D142D	1	0	0	0	1	0	0	0
UPI00005D1424	1	0	0	0	1	0	0	0
UPI00005D13E0	1	0	0	0	1	0	0	0
UPI00005D13D8	1	0	0	0	1	0	0	0
UPI00005D13BB	1	0	0	0	1	0	0	0
UPI00005D1327	1	0	0	0	1	0	0	0
UPI00005D131E	1	0	0	0	1	0	0	0
UPI00005D131C	1	0	0	0	1	0	0	0
UPI00005D1319	1	0	0	0	1	0	0	0
UPI00005D130C	1	0	0	0	1	0	0	0
UPI00005D1306	1	0	0	0	1	0	0	0
UPI00005D12EA	1	0	0	0	1	0	0	0
UPI00005D12D2	1	0	0	0	1	0	0	0
UPI00005D126C	1	0	0	0	1	0	0	0
UPI00005D1248	1	0	0	0	1	0	0	0
UPI00005D1244	1	0	0	0	1	0	0	0
UPI00005D1243	1	0	0	0	1	0	0	0
UPI00005D11FF	1	0	0	0	1	0	0	0
UPI00005D11EA	1	0	0	0	1	0	0	0
UPI00005D11C3	1	0	0	0	1	0	0	0
UPI00005D11C1	1	0	0	0	1	0	0	0
UPI00005D1141	1	0	0	1	0	0	0	0
UPI00005D112C	1	0	0	0	2	0	0	0
UPI00005D1119	1	0	0	0	1	0	0	0
UPI00005D10ED	1	0	1	0	0	0	0	0
UPI00005D10E4	1	0	0	0	1	0	0	0
UPI00005D10C0	1	0	0	0	1	0	0	0
UPI00005D104F	1	0	0	0	1	0	0	0
UPI00005D104B	1	0	0	0	1	0	0	0
UPI00005D0FF5	1	0	0	0	2	0	0	0
UPI00005D0FE5	1	0	0	0	1	0	0	0
UPI00005D0FC5	1	0	0	0	1	0	0	0
UPI00005D0FB2	1	0	0	0	0	0	1	0
UPI00005D0F3F	1	0	0	0	1	0	0	0
UPI00005D0F38	1	0	0	0	1	0	0	0
UPI00005D0F2F	1	0	0	0	1	0	0	0
UPI00005D0F1B	1	0	0	0	2	0	0	0
UPI00005D0F14	1	0	0	0	2	0	0	0
UPI00005D0EE1	1	0	0	0	1	0	0	0
UPI00005D0EB8	1	0	0	0	1	0	0	0
UPI00005D0E66	1	0	0	0	1	0	0	0
UPI00005D0E4B	1	0	0	0	1	0	0	0
UPI00005D0E44	1	0	0	0	1	0	0	0
UPI00005D0DBC	1	0	0	0	1	0	0	0
UPI00005D0D2A	1	0	0	0	1	0	0	0
UPI00005D0D24	1	0	0	0	1	0	0	0
UPI00005D0D18	1	0	0	0	1	0	0	0
UPI00005D0D0F	1	0	0	0	1	0	0	0
UPI00005D0D0D	1	0	0	0	1	0	0	0
UPI00005D0CEA	1	0	0	0	1	0	0	0
UPI00005D0CCE	1	0	0	0	1	0	0	0
UPI00005D0C82	1	0	0	0	1	0	0	0
UPI00005D0C45	1	0	0	0	1	0	0	0
UPI00005D0B5A	1	0	0	0	1	0	0	0
UPI00005D0B46	1	0	0	0	1	0	0	0
UPI00005D0B45	1	0	0	0	1	0	0	0
UPI00005D0B3C	1	0	0	0	2	0	0	0
UPI00005D0B39	1	0	0	0	1	0	0	0
UPI00005D0B38	1	0	0	0	2	0	0	0
UPI00005D0B34	1	0	0	0	1	0	0	0
UPI00005D0B25	1	0	0	0	1	0	0	0
UPI00005D0B03	1	0	0	0	1	0	0	0
UPI00005D0AC1	1	0	0	1	0	0	0	0
UPI00005D0AA0	1	0	0	0	1	0	0	0
UPI00005D0A67	1	0	0	0	1	0	0	0
UPI00005D0A1F	1	0	0	0	1	0	0	0
UPI00005D0988	1	0	0	0	0	2	0	0
UPI00005D0946	1	0	0	0	1	0	0	0
UPI00005D093B	1	0	0	0	1	0	0	0
UPI00005D0939	1	0	0	0	1	0	0	0
UPI00005D0924	1	0	0	0	1	0	0	0
UPI00005D0922	1	0	0	0	1	0	0	0
UPI00005D08AE	1	0	0	0	1	0	0	0
UPI00005D086E	1	0	0	0	1	0	0	0
UPI00005D0839	1	0	0	0	1	0	0	0
UPI00005D0803	1	0	0	0	1	0	0	0
UPI00005D0802	1	0	0	0	1	0	0	0
UPI00005D0442	1	0	0	0	1	0	0	0
UPI00005D0441	1	0	0	0	1	0	0	0
UPI00005D0437	1	0	0	0	1	0	0	0
UPI00005D042C	1	0	0	0	1	0	0	0
UPI00005D041D	1	0	0	0	1	0	0	0
UPI00005D040E	1	0	0	0	1	0	0	0
UPI00005D0407	1	0	0	1	0	0	0	0
UPI00005D0403	1	0	0	0	1	0	0	0
UPI00005D03FF	1	0	0	0	1	0	0	0
UPI00005D03EE	1	0	0	0	1	0	0	0
UPI00005D03ED	1	0	0	0	1	0	0	0
UPI00005D03E4	1	0	0	0	1	0	0	0
UPI00005D0301	1	0	0	0	1	0	0	0
UPI00005D0300	1	0	0	0	1	0	0	0
UPI00005D02F5	1	0	0	0	1	0	0	0
UPI00005D02EE	1	0	0	0	1	0	0	0
UPI00005D02EC	1	0	0	0	1	0	0	0
UPI00005D02EB	1	0	0	0	1	0	0	0
UPI00005D02DF	1	0	0	0	1	0	0	0
UPI00005D02DC	1	0	0	0	1	0	0	0
UPI00005D02DB	1	0	0	0	1	0	0	0
UPI00005D02BB	1	0	0	0	2	0	0	0
UPI00005D02BA	1	0	0	0	1	0	0	0
UPI00005D02B9	1	0	0	0	1	0	0	0
UPI00005D02B8	1	0	0	0	1	0	0	0
UPI00005D0264	1	0	0	0	1	0	0	0
UPI00005D0263	1	0	0	0	1	0	0	0
UPI00005D0257	1	0	0	0	1	0	0	0
UPI00005D0256	1	0	0	0	1	0	0	0
UPI00005D0252	1	0	0	0	1	0	0	0
UPI00005D0251	1	0	0	0	1	0	0	0
UPI00005D0250	1	0	0	0	1	0	0	0
UPI00005D0204	1	0	0	0	1	0	0	0
UPI00005D0202	1	0	0	0	1	0	0	0
UPI00005D01EA	1	0	0	0	1	0	0	0
UPI00005D01E2	1	0	0	0	1	0	0	0
UPI00005D01E1	1	0	0	0	1	0	0	0
UPI00005D018E	1	0	0	0	1	0	0	0
UPI00005D016B	1	0	0	0	1	0	0	0
UPI00005D00DD	1	0	0	0	1	0	0	0
UPI00005D00C1	1	0	0	0	1	0	0	0
UPI00005D00BD	1	0	0	0	1	0	0	0
UPI00005CFFAF	1	0	0	0	1	0	0	0
UPI00005CFF54	1	0	0	0	1	0	0	0
UPI00005CFE82	1	0	0	1	0	0	0	0
UPI00005CFDB0	1	0	0	0	1	0	0	0
UPI00005CFD94	1	0	0	0	1	0	0	0
UPI00005CFD7C	1	0	0	0	1	0	0	0
UPI00005CFCE2	1	0	0	0	1	0	0	0
UPI00005CFCBD	1	0	0	0	1	0	0	0
UPI00005CFCBC	1	0	0	0	1	0	0	0
UPI00005CFC79	1	0	0	0	1	0	0	0
UPI00005CFB58	1	0	0	0	1	0	0	0
UPI00005CFB57	1	0	0	0	1	0	0	0
UPI00005CFB56	1	0	0	0	1	0	0	0
UPI00005CFB55	1	0	0	0	1	0	0	0
UPI00005CFB53	1	0	0	0	1	0	0	0
UPI00005CFB52	1	0	0	0	1	0	0	0
UPI00005CFB51	1	0	0	0	1	0	0	0
UPI00005CFB4B	1	0	0	0	1	0	0	0
UPI00005CFB3D	1	0	0	0	1	0	0	0
UPI00005CFB3C	1	0	0	0	1	0	0	0
UPI00005CFB3B	1	0	0	0	1	0	0	0
UPI00005CFB3A	1	0	0	0	1	0	0	0
UPI00005CFB28	1	0	0	0	1	0	0	0
UPI00005CFB26	1	0	0	0	1	0	0	0
UPI00005CFB25	1	0	0	0	1	0	0	0
UPI00005CFB24	1	0	0	0	1	0	0	0
UPI00005CFB16	1	0	0	0	1	0	0	0
UPI00005CFB15	1	0	0	0	1	0	0	0
UPI00005CFB14	1	0	0	0	1	0	0	0
UPI00005CFB13	1	0	0	0	1	0	0	0
UPI00005CF8DA	1	0	0	0	1	0	0	0
UPI00005CF864	1	0	0	0	1	0	0	0
UPI00005CF84B	1	0	0	0	1	0	0	0
UPI00005CF849	1	0	0	0	1	0	0	0
UPI00005CF848	1	0	0	0	1	0	0	0
UPI00005CF837	1	0	0	0	1	0	0	0
UPI00005CF823	1	0	0	0	1	0	0	0
UPI00005CF806	1	0	0	0	1	0	0	0
UPI00005CF7B4	1	0	0	0	1	0	0	0
UPI00005CF79F	1	0	0	0	1	0	0	0
UPI00005CF721	1	0	0	0	1	0	0	0
UPI00005CF720	1	0	0	0	1	0	0	0
UPI00005CF715	1	0	0	0	1	0	0	0
UPI00005CF6FF	1	0	1	0	0	0	0	0
UPI00005CF6E8	1	0	0	0	1	0	0	0
UPI00005CF6E0	1	0	0	0	1	0	0	0
UPI0000554334	1	0	0	1	0	0	0	0
UPI0000550346	1	0	0	1	0	0	0	0
UPI00003385E0	1	0	0	0	0	2	0	0
UPI0000319246	1	0	0	1	0	0	0	0
UPI00002F7A34	1	0	0	1	0	0	0	0
UPI00002C7BEA	1	0	0	0	1	0	0	0
UPI00002C271E	1	0	0	1	0	0	0	0
UPI00002BB968	1	0	0	0	2	0	0	0
UPI000027EF83	1	0	0	0	0	1	0	0
UPI000027E927	1	0	0	0	0	1	0	0
UPI0000275101	1	0	0	0	1	0	0	0
UPI000026955B	1	0	0	1	0	0	0	0
UPI000025CA37	1	0	0	0	0	2	0	0
UPI000025BE7E	1	0	0	0	0	2	0	0
UPI000012EF33	1	0	0	0	0	1	0	0
UPI000012EF2C	1	0	0	0	0	1	0	0
UPI000012EF2A	1	0	0	0	0	1	0	0
UPI00000BD78D	1	0	0	1	0	0	0	0
UPI00000B52C1	1	0	0	0	0	2	0	0
UPI00000B27B2	1	0	0	0	0	2	0	0
UPI000000D431	1	0	0	1	0	0	0	0
UPI000000091B	1	0	0	1	0	0	0	0
